Timestamp,Temperature (C),Humidity (%),Device
2025-11-24 09:36:01,28.8,37.9,arduino_uno
2025-11-24 09:36:03,28.8,37.8,arduino_uno
2025-11-24 09:36:05,28.8,37.8,arduino_uno
2025-11-24 09:36:07,28.8,37.8,arduino_uno
2025-11-24 09:36:09,28.8,37.9,arduino_uno
2025-11-24 09:36:11,28.8,38.0,arduino_uno
2025-11-24 09:36:13,28.8,38.0,arduino_uno
2025-11-24 09:36:15,28.8,38.0,arduino_uno
2025-11-24 09:36:17,28.8,38.3,arduino_uno
2025-11-24 09:36:19,28.8,38.4,arduino_uno
2025-11-24 09:36:21,28.8,38.7,arduino_uno
2025-11-24 09:36:23,28.8,38.6,arduino_uno
2025-11-24 09:36:25,28.8,38.4,arduino_uno
2025-11-24 09:36:27,28.8,38.2,arduino_uno
2025-11-24 09:36:29,28.8,38.1,arduino_uno
2025-11-24 09:36:32,28.8,38.8,arduino_uno
2025-11-24 09:36:33,28.8,39.0,arduino_uno
2025-11-24 09:36:36,28.8,37.6,arduino_uno
2025-11-24 09:36:38,28.7,37.4,arduino_uno
2025-11-24 09:36:40,28.7,37.5,arduino_uno
2025-11-24 09:36:42,28.7,37.7,arduino_uno
2025-11-24 09:36:44,28.6,37.6,arduino_uno
2025-11-24 09:36:46,28.6,37.5,arduino_uno
2025-11-24 09:36:48,28.6,37.3,arduino_uno
2025-11-24 09:36:50,28.6,37.2,arduino_uno
2025-11-24 09:36:52,28.5,37.2,arduino_uno
2025-11-24 09:36:54,28.5,37.2,arduino_uno
2025-11-24 09:36:56,28.4,37.1,arduino_uno
2025-11-24 09:36:58,28.4,37.1,arduino_uno
2025-11-24 09:37:00,28.4,37.1,arduino_uno
2025-11-24 09:37:02,28.3,37.1,arduino_uno
2025-11-24 09:37:04,28.3,37.2,arduino_uno
2025-11-24 09:37:06,28.3,37.1,arduino_uno
2025-11-24 09:37:08,28.2,37.1,arduino_uno
2025-11-24 09:37:10,28.2,37.1,arduino_uno
2025-11-24 09:37:12,28.2,37.2,arduino_uno
2025-11-24 09:37:14,28.1,37.2,arduino_uno
2025-11-24 09:37:16,28.1,37.2,arduino_uno
2025-11-24 09:37:18,28.1,37.4,arduino_uno
2025-11-24 09:37:20,28.0,37.3,arduino_uno
2025-11-24 09:37:22,28.0,37.2,arduino_uno
2025-11-24 09:37:24,28.0,37.3,arduino_uno
2025-11-24 09:37:26,27.9,37.4,arduino_uno
2025-11-24 09:37:28,27.9,37.6,arduino_uno
2025-11-24 09:37:30,27.9,37.8,arduino_uno
2025-11-24 09:37:32,27.8,37.8,arduino_uno
2025-11-24 09:37:34,27.8,37.7,arduino_uno
2025-11-24 09:37:36,27.8,37.8,arduino_uno
2025-11-24 09:37:38,27.7,37.8,arduino_uno
2025-11-24 09:37:40,27.7,37.8,arduino_uno
2025-11-24 09:37:42,27.6,38.0,arduino_uno
2025-11-24 09:37:44,27.6,38.1,arduino_uno
2025-11-24 09:37:46,27.6,38.2,arduino_uno
2025-11-24 09:37:48,27.5,38.4,arduino_uno
2025-11-24 09:37:50,27.5,38.5,arduino_uno
2025-11-24 09:37:52,27.5,38.4,arduino_uno
2025-11-24 09:37:54,27.5,38.5,arduino_uno
2025-11-24 09:37:56,27.4,38.5,arduino_uno
2025-11-24 09:37:58,27.4,38.3,arduino_uno
2025-11-24 09:38:00,27.4,38.2,arduino_uno
2025-11-24 09:38:02,27.3,38.1,arduino_uno
2025-11-24 09:38:04,27.3,38.1,arduino_uno
2025-11-24 09:38:06,27.3,38.2,arduino_uno
2025-11-24 09:38:08,27.2,38.1,arduino_uno
2025-11-24 09:38:10,27.2,38.1,arduino_uno
2025-11-24 09:38:12,27.2,38.1,arduino_uno
2025-11-24 09:38:14,27.1,38.1,arduino_uno
2025-11-24 09:38:16,27.1,38.2,arduino_uno
2025-11-24 09:38:18,27.1,38.3,arduino_uno
2025-11-24 09:38:20,27.1,38.4,arduino_uno
2025-11-24 09:38:22,27.0,38.4,arduino_uno
2025-11-24 09:38:24,27.0,38.5,arduino_uno
2025-11-24 09:38:26,27.0,38.7,arduino_uno
2025-11-24 09:38:28,26.9,38.7,arduino_uno
2025-11-24 09:38:30,26.9,38.6,arduino_uno
2025-11-24 09:38:32,26.9,38.6,arduino_uno
2025-11-24 09:38:34,26.9,38.7,arduino_uno
2025-11-24 09:38:36,26.8,38.9,arduino_uno
2025-11-24 09:38:38,26.8,39.0,arduino_uno
2025-11-24 09:38:40,26.8,39.0,arduino_uno
2025-11-24 09:38:42,26.8,39.0,arduino_uno
2025-11-24 09:38:44,26.7,39.0,arduino_uno
2025-11-24 09:38:46,26.7,39.1,arduino_uno
2025-11-24 09:38:48,26.7,39.1,arduino_uno
2025-11-24 09:38:50,26.7,39.1,arduino_uno
2025-11-24 09:38:52,26.7,39.1,arduino_uno
2025-11-24 09:38:54,26.6,39.1,arduino_uno
2025-11-24 09:38:56,26.6,39.1,arduino_uno
2025-11-24 09:38:58,26.6,39.0,arduino_uno
2025-11-24 09:39:00,26.6,39.1,arduino_uno
2025-11-24 09:39:02,26.6,39.1,arduino_uno
2025-11-24 09:39:04,26.5,39.2,arduino_uno
2025-11-24 09:39:06,26.5,39.3,arduino_uno
2025-11-24 09:39:08,26.5,39.3,arduino_uno
2025-11-24 09:39:10,26.5,39.3,arduino_uno
2025-11-24 09:39:12,26.5,39.3,arduino_uno
2025-11-24 09:39:14,26.4,39.4,arduino_uno
2025-11-24 09:39:16,26.4,39.4,arduino_uno
2025-11-24 09:39:18,26.4,39.5,arduino_uno
2025-11-24 09:39:20,26.4,39.6,arduino_uno
2025-11-24 09:39:22,26.4,39.6,arduino_uno
2025-11-24 09:39:24,26.3,39.6,arduino_uno
2025-11-24 09:39:26,26.3,39.6,arduino_uno
2025-11-24 09:39:28,26.3,39.7,arduino_uno
2025-11-24 09:39:30,26.3,39.6,arduino_uno
2025-11-24 09:39:32,26.3,39.6,arduino_uno
2025-11-24 09:39:34,26.2,39.6,arduino_uno
2025-11-24 09:39:36,26.2,39.7,arduino_uno
2025-11-24 09:39:38,26.2,39.7,arduino_uno
2025-11-24 09:39:40,26.2,39.7,arduino_uno
2025-11-24 09:39:42,26.2,39.7,arduino_uno
2025-11-24 09:39:44,26.2,39.6,arduino_uno
2025-11-24 09:39:46,26.2,39.7,arduino_uno
2025-11-24 09:39:48,26.1,39.7,arduino_uno
2025-11-24 09:39:50,26.1,39.7,arduino_uno
2025-11-24 09:39:52,26.1,39.8,arduino_uno
2025-11-24 09:39:54,26.1,39.8,arduino_uno
2025-11-24 09:39:56,26.1,40.0,arduino_uno
2025-11-24 09:39:58,26.1,39.9,arduino_uno
2025-11-24 09:40:00,26.1,39.9,arduino_uno
2025-11-24 09:40:02,26.0,40.0,arduino_uno
2025-11-24 09:40:04,26.0,40.2,arduino_uno
2025-11-24 09:40:06,26.0,40.3,arduino_uno
2025-11-24 09:40:08,26.0,40.4,arduino_uno
2025-11-24 09:40:10,26.0,40.5,arduino_uno
2025-11-24 09:40:12,26.0,40.5,arduino_uno
2025-11-24 09:40:14,25.9,40.3,arduino_uno
2025-11-24 09:40:16,25.9,40.3,arduino_uno
2025-11-24 09:40:18,25.9,40.3,arduino_uno
2025-11-24 09:40:20,25.9,40.3,arduino_uno
2025-11-24 09:40:22,25.9,40.3,arduino_uno
2025-11-24 09:40:24,25.9,40.3,arduino_uno
2025-11-24 09:40:26,25.9,40.3,arduino_uno
2025-11-24 09:40:28,25.9,40.4,arduino_uno
2025-11-24 09:40:30,25.9,40.5,arduino_uno
2025-11-24 09:40:32,25.8,40.6,arduino_uno
2025-11-24 09:40:34,25.8,40.7,arduino_uno
2025-11-24 09:40:36,25.8,40.7,arduino_uno
2025-11-24 09:40:38,25.8,40.7,arduino_uno
2025-11-24 09:40:40,25.8,40.7,arduino_uno
2025-11-24 09:40:42,25.8,40.8,arduino_uno
2025-11-24 09:40:44,25.8,40.8,arduino_uno
2025-11-24 09:40:46,25.7,40.8,arduino_uno
2025-11-24 09:40:48,25.7,40.8,arduino_uno
2025-11-24 09:40:50,25.7,40.7,arduino_uno
2025-11-24 09:40:52,25.7,40.6,arduino_uno
2025-11-24 09:40:54,25.7,40.8,arduino_uno
2025-11-24 09:40:56,25.7,40.8,arduino_uno
2025-11-24 09:40:58,25.7,40.9,arduino_uno
2025-11-24 09:41:00,25.7,40.9,arduino_uno
2025-11-24 09:41:02,25.7,40.9,arduino_uno
2025-11-24 09:41:04,25.7,41.0,arduino_uno
2025-11-24 09:41:06,25.7,41.2,arduino_uno
2025-11-24 09:41:08,25.7,41.4,arduino_uno
2025-11-24 09:41:10,25.6,41.5,arduino_uno
2025-11-24 09:41:12,25.7,41.4,arduino_uno
2025-11-24 09:41:14,25.6,41.4,arduino_uno
2025-11-24 09:41:16,25.6,41.4,arduino_uno
2025-11-24 09:41:18,25.6,41.4,arduino_uno
2025-11-24 09:41:20,25.6,41.4,arduino_uno
2025-11-24 09:41:22,25.6,41.4,arduino_uno
2025-11-24 09:41:24,25.6,41.2,arduino_uno
2025-11-24 09:41:26,25.6,41.2,arduino_uno
2025-11-24 09:41:28,25.6,41.1,arduino_uno
2025-11-24 09:41:30,25.6,41.2,arduino_uno
2025-11-24 09:41:32,25.6,41.3,arduino_uno
2025-11-24 09:41:34,25.6,41.5,arduino_uno
2025-11-24 09:41:36,25.6,41.6,arduino_uno
2025-11-24 09:41:38,25.6,41.3,arduino_uno
2025-11-24 09:41:40,25.6,41.1,arduino_uno
2025-11-24 09:41:43,25.6,41.1,arduino_uno
2025-11-24 09:41:45,25.5,41.2,arduino_uno
2025-11-24 09:41:47,25.5,41.2,arduino_uno
2025-11-24 09:41:49,25.5,41.1,arduino_uno
2025-11-24 09:41:51,25.5,41.0,arduino_uno
2025-11-24 09:41:53,25.5,41.0,arduino_uno
2025-11-24 09:41:55,25.5,40.9,arduino_uno
2025-11-24 09:41:57,25.5,40.9,arduino_uno
2025-11-24 09:41:59,25.5,41.0,arduino_uno
2025-11-24 09:42:01,25.5,41.0,arduino_uno
2025-11-24 09:42:03,25.5,41.0,arduino_uno
2025-11-24 09:42:05,25.5,41.1,arduino_uno
2025-11-24 09:42:07,25.5,41.2,arduino_uno
2025-11-24 09:42:09,25.5,41.1,arduino_uno
2025-11-24 09:42:11,25.5,41.1,arduino_uno
2025-11-24 09:42:13,25.5,41.1,arduino_uno
2025-11-24 09:42:15,25.5,41.1,arduino_uno
2025-11-24 09:42:17,25.5,41.1,arduino_uno
2025-11-24 09:42:19,25.5,41.2,arduino_uno
2025-11-24 09:42:21,25.5,41.1,arduino_uno
2025-11-24 09:42:23,25.5,41.1,arduino_uno
2025-11-24 09:42:25,25.5,41.0,arduino_uno
2025-11-24 09:42:27,25.4,41.0,arduino_uno
2025-11-24 09:42:29,25.4,41.1,arduino_uno
2025-11-24 09:42:31,25.4,41.1,arduino_uno
2025-11-24 09:42:33,25.4,41.3,arduino_uno
2025-11-24 09:42:35,25.4,41.3,arduino_uno
2025-11-24 09:42:37,25.4,41.4,arduino_uno
2025-11-24 09:42:39,25.4,41.4,arduino_uno
2025-11-24 09:42:41,25.4,41.4,arduino_uno
2025-11-24 09:42:43,25.4,41.5,arduino_uno
2025-11-24 09:42:45,25.4,41.5,arduino_uno
2025-11-24 09:42:47,25.4,41.5,arduino_uno
2025-11-24 09:42:49,25.4,41.6,arduino_uno
2025-11-24 09:42:51,25.4,41.5,arduino_uno
2025-11-24 09:42:53,25.4,41.6,arduino_uno
2025-11-24 09:42:55,25.4,41.7,arduino_uno
2025-11-24 09:42:57,25.4,41.7,arduino_uno
2025-11-24 09:42:59,25.4,41.7,arduino_uno
2025-11-24 09:43:01,25.4,41.7,arduino_uno
2025-11-24 09:43:03,25.4,41.7,arduino_uno
2025-11-24 09:43:05,25.4,41.6,arduino_uno
2025-11-24 09:43:07,25.4,41.6,arduino_uno
2025-11-24 09:43:09,25.4,41.5,arduino_uno
2025-11-24 09:43:11,25.4,41.5,arduino_uno
2025-11-24 09:43:13,25.4,41.5,arduino_uno
2025-11-24 09:43:15,25.4,41.4,arduino_uno
2025-11-24 09:43:17,25.4,41.3,arduino_uno
2025-11-24 09:43:19,25.4,41.3,arduino_uno
2025-11-24 09:43:21,25.4,41.3,arduino_uno
2025-11-24 09:43:23,25.4,41.3,arduino_uno
2025-11-24 09:43:25,25.4,41.3,arduino_uno
2025-11-24 09:43:27,25.4,41.3,arduino_uno
2025-11-24 09:43:29,25.4,41.4,arduino_uno
2025-11-24 09:43:31,25.4,41.4,arduino_uno
2025-11-24 09:43:33,25.4,41.5,arduino_uno
2025-11-24 09:43:35,25.4,41.5,arduino_uno
2025-11-24 09:43:37,25.4,41.5,arduino_uno
2025-11-24 09:43:39,25.4,41.6,arduino_uno
2025-11-24 09:43:41,25.4,41.7,arduino_uno
2025-11-24 09:43:43,25.4,41.7,arduino_uno
2025-11-24 09:43:45,25.3,41.6,arduino_uno
2025-11-24 09:43:47,25.3,41.5,arduino_uno
2025-11-24 09:43:49,25.3,41.5,arduino_uno
2025-11-24 09:43:51,25.3,41.6,arduino_uno
2025-11-24 09:43:53,25.4,41.7,arduino_uno
2025-11-24 09:43:55,25.4,41.7,arduino_uno
2025-11-24 09:43:57,25.4,41.8,arduino_uno
2025-11-24 09:43:59,25.4,41.7,arduino_uno
2025-11-24 09:44:01,25.4,41.8,arduino_uno
2025-11-24 09:44:03,25.4,41.7,arduino_uno
2025-11-24 09:44:05,25.4,41.7,arduino_uno
2025-11-24 09:44:07,25.3,41.7,arduino_uno
2025-11-24 09:44:09,25.4,41.7,arduino_uno
2025-11-24 09:44:11,25.4,41.5,arduino_uno
2025-11-24 09:44:13,25.4,41.4,arduino_uno
2025-11-24 09:44:15,25.3,41.5,arduino_uno
2025-11-24 09:44:17,25.3,41.6,arduino_uno
2025-11-24 09:44:19,25.3,41.7,arduino_uno
2025-11-24 09:44:21,25.3,41.9,arduino_uno
2025-11-24 09:44:23,25.4,42.0,arduino_uno
2025-11-24 09:44:25,25.3,41.9,arduino_uno
2025-11-24 09:44:27,25.3,41.7,arduino_uno
2025-11-24 09:44:29,25.3,41.7,arduino_uno
2025-11-24 09:44:31,25.4,41.8,arduino_uno
2025-11-24 09:44:33,25.4,41.9,arduino_uno
2025-11-24 09:44:35,25.3,41.9,arduino_uno
2025-11-24 09:44:37,25.3,41.9,arduino_uno
2025-11-24 09:44:39,25.4,42.0,arduino_uno
2025-11-24 09:44:41,25.3,42.0,arduino_uno
2025-11-24 09:44:43,25.3,42.1,arduino_uno
2025-11-24 09:44:45,25.4,41.8,arduino_uno
2025-11-24 09:44:47,25.4,41.7,arduino_uno
2025-11-24 09:44:49,25.4,41.7,arduino_uno
2025-11-24 09:44:51,25.4,41.6,arduino_uno
2025-11-24 09:44:53,25.4,41.6,arduino_uno
2025-11-24 09:44:55,25.4,41.5,arduino_uno
2025-11-24 09:44:57,25.3,41.5,arduino_uno
2025-11-24 09:44:59,25.3,41.5,arduino_uno
2025-11-24 09:45:01,25.4,41.7,arduino_uno
2025-11-24 09:45:03,25.3,41.7,arduino_uno
2025-11-24 09:45:05,25.4,41.9,arduino_uno
2025-11-24 09:45:07,25.4,41.9,arduino_uno
2025-11-24 09:45:09,25.3,41.9,arduino_uno
2025-11-24 09:45:11,25.3,41.8,arduino_uno
2025-11-24 09:45:13,25.4,41.7,arduino_uno
2025-11-24 09:45:15,25.4,41.7,arduino_uno
2025-11-24 09:45:17,25.4,41.7,arduino_uno
2025-11-24 09:45:19,25.3,41.9,arduino_uno
2025-11-24 09:45:21,25.4,42.0,arduino_uno
2025-11-24 09:45:23,25.4,41.9,arduino_uno
2025-11-24 09:45:25,25.4,41.8,arduino_uno
2025-11-24 09:45:27,25.4,41.8,arduino_uno
2025-11-24 09:45:29,25.4,41.8,arduino_uno
2025-11-24 09:45:31,25.4,41.8,arduino_uno
2025-11-24 09:45:33,25.4,41.7,arduino_uno
2025-11-24 09:45:35,25.3,41.7,arduino_uno
2025-11-24 09:45:37,25.4,41.7,arduino_uno
2025-11-24 09:45:39,25.3,41.7,arduino_uno
2025-11-24 09:45:41,25.3,41.7,arduino_uno
2025-11-24 09:45:43,25.4,41.7,arduino_uno
2025-11-24 09:45:45,25.4,41.6,arduino_uno
2025-11-24 09:45:47,25.4,41.7,arduino_uno
2025-11-24 09:45:49,25.4,41.8,arduino_uno
2025-11-24 09:45:51,25.4,41.8,arduino_uno
2025-11-24 09:45:53,25.4,41.8,arduino_uno
2025-11-24 09:45:55,25.4,41.9,arduino_uno
2025-11-24 09:45:57,25.4,41.9,arduino_uno
2025-11-24 09:45:59,25.4,41.8,arduino_uno
2025-11-24 09:46:01,25.4,41.9,arduino_uno
2025-11-24 09:46:03,25.4,41.9,arduino_uno
2025-11-24 09:46:05,25.4,41.9,arduino_uno
2025-11-24 09:46:07,25.4,41.7,arduino_uno
2025-11-24 09:46:09,25.4,41.6,arduino_uno
2025-11-24 09:46:11,25.4,41.5,arduino_uno
2025-11-24 09:46:13,25.4,41.5,arduino_uno
2025-11-24 09:46:15,25.4,41.6,arduino_uno
2025-11-24 09:46:17,25.4,41.6,arduino_uno
2025-11-24 09:46:19,25.4,41.6,arduino_uno
2025-11-24 09:46:21,25.4,41.6,arduino_uno
2025-11-24 09:46:23,25.4,41.6,arduino_uno
2025-11-24 09:46:25,25.4,41.6,arduino_uno
2025-11-24 09:46:27,25.4,41.7,arduino_uno
2025-11-24 09:46:29,25.4,41.7,arduino_uno
2025-11-24 09:46:31,25.4,41.9,arduino_uno
2025-11-24 09:46:33,25.4,42.0,arduino_uno
2025-11-24 09:46:35,25.4,42.0,arduino_uno
2025-11-24 09:46:37,25.4,41.9,arduino_uno
2025-11-24 09:46:39,25.4,41.9,arduino_uno
2025-11-24 09:46:41,25.4,41.6,arduino_uno
2025-11-24 09:46:43,25.4,41.5,arduino_uno
2025-11-24 09:46:45,25.4,41.4,arduino_uno
2025-11-24 09:46:47,25.4,41.4,arduino_uno
2025-11-24 09:46:49,25.4,41.3,arduino_uno
2025-11-24 09:46:51,25.4,41.2,arduino_uno
2025-11-24 09:46:54,25.4,41.2,arduino_uno
2025-11-24 09:46:56,25.4,41.1,arduino_uno
2025-11-24 09:46:58,25.4,41.1,arduino_uno
2025-11-24 09:47:00,25.4,41.1,arduino_uno
2025-11-24 09:47:02,25.4,41.1,arduino_uno
2025-11-24 09:47:04,25.4,41.1,arduino_uno
2025-11-24 09:47:06,25.4,41.1,arduino_uno
2025-11-24 09:47:08,25.4,41.3,arduino_uno
2025-11-24 09:47:10,25.4,41.2,arduino_uno
2025-11-24 09:47:12,25.4,41.1,arduino_uno
2025-11-24 09:47:14,25.4,41.1,arduino_uno
2025-11-24 09:47:16,25.4,41.1,arduino_uno
2025-11-24 09:47:18,25.4,41.1,arduino_uno
2025-11-24 09:47:20,25.4,41.1,arduino_uno
2025-11-24 09:47:22,25.4,41.1,arduino_uno
2025-11-24 09:47:24,25.4,41.1,arduino_uno
2025-11-24 09:47:26,25.4,41.1,arduino_uno
2025-11-24 09:47:28,25.4,41.0,arduino_uno
2025-11-24 09:47:30,25.4,41.0,arduino_uno
2025-11-24 09:47:32,25.4,41.0,arduino_uno
2025-11-24 09:47:34,25.4,40.9,arduino_uno
2025-11-24 09:47:36,25.4,41.0,arduino_uno
2025-11-24 09:47:38,25.4,41.0,arduino_uno
2025-11-24 09:47:40,25.4,41.0,arduino_uno
2025-11-24 09:47:42,25.4,40.9,arduino_uno
2025-11-24 09:47:44,25.4,40.9,arduino_uno
2025-11-24 09:47:46,25.4,40.9,arduino_uno
2025-11-24 09:47:48,25.4,41.0,arduino_uno
2025-11-24 09:47:50,25.4,41.0,arduino_uno
2025-11-24 09:47:52,25.4,41.0,arduino_uno
2025-11-24 09:47:54,25.4,40.9,arduino_uno
2025-11-24 09:47:56,25.4,40.9,arduino_uno
2025-11-24 09:47:58,25.4,40.8,arduino_uno
2025-11-24 09:48:00,25.4,40.8,arduino_uno
2025-11-24 09:48:02,25.4,40.8,arduino_uno
2025-11-24 09:48:04,25.4,40.8,arduino_uno
2025-11-24 09:48:06,25.4,40.8,arduino_uno
2025-11-24 09:48:08,25.4,40.8,arduino_uno
2025-11-24 09:48:10,25.4,40.8,arduino_uno
2025-11-24 09:48:12,25.4,40.8,arduino_uno
2025-11-24 09:48:14,25.4,40.8,arduino_uno
2025-11-24 09:48:16,25.4,40.8,arduino_uno
2025-11-24 09:48:18,25.4,40.7,arduino_uno
2025-11-24 09:48:20,25.4,40.8,arduino_uno
2025-11-24 09:48:22,25.4,40.7,arduino_uno
2025-11-24 09:48:24,25.4,40.7,arduino_uno
2025-11-24 09:48:26,25.4,40.7,arduino_uno
2025-11-24 09:48:28,25.4,40.7,arduino_uno
2025-11-24 09:48:30,25.4,40.7,arduino_uno
2025-11-24 09:48:32,25.4,40.7,arduino_uno
2025-11-24 09:48:34,25.4,40.7,arduino_uno
2025-11-24 09:48:36,25.4,40.7,arduino_uno
2025-11-24 09:48:38,25.4,40.7,arduino_uno
2025-11-24 09:48:40,25.4,40.7,arduino_uno
2025-11-24 09:48:42,25.4,40.7,arduino_uno
2025-11-24 09:48:44,25.4,40.7,arduino_uno
2025-11-24 09:48:46,25.4,40.7,arduino_uno
2025-11-24 09:48:48,25.4,40.7,arduino_uno
2025-11-24 09:48:50,25.4,40.7,arduino_uno
2025-11-24 09:48:52,25.4,40.7,arduino_uno
2025-11-24 09:48:54,25.4,40.7,arduino_uno
2025-11-24 09:48:56,25.4,40.7,arduino_uno
2025-11-24 09:48:58,25.4,40.7,arduino_uno
2025-11-24 09:49:00,25.4,40.6,arduino_uno
2025-11-24 09:49:02,25.4,40.6,arduino_uno
2025-11-24 09:49:04,25.4,40.6,arduino_uno
2025-11-24 09:49:06,25.4,40.6,arduino_uno
2025-11-24 09:49:08,25.4,40.6,arduino_uno
2025-11-24 09:49:10,25.4,40.7,arduino_uno
2025-11-24 09:49:12,25.4,40.8,arduino_uno
2025-11-24 09:49:14,25.4,40.8,arduino_uno
2025-11-24 09:49:16,25.4,40.8,arduino_uno
2025-11-24 09:49:18,25.4,40.8,arduino_uno
2025-11-24 09:49:20,25.4,40.8,arduino_uno
2025-11-24 09:49:22,25.4,40.8,arduino_uno
2025-11-24 09:49:24,25.4,40.7,arduino_uno
2025-11-24 09:49:26,25.4,40.7,arduino_uno
2025-11-24 09:49:28,25.4,40.8,arduino_uno
2025-11-24 09:49:30,25.4,40.8,arduino_uno
2025-11-24 09:49:32,25.4,40.8,arduino_uno
2025-11-24 09:49:34,25.4,40.7,arduino_uno
2025-11-24 09:49:36,25.4,40.8,arduino_uno
2025-11-24 09:49:38,25.4,40.8,arduino_uno
2025-11-24 09:49:40,25.4,40.8,arduino_uno
2025-11-24 09:49:42,25.4,40.8,arduino_uno
2025-11-24 09:49:44,25.4,40.8,arduino_uno
2025-11-24 09:49:46,25.4,40.7,arduino_uno
2025-11-24 09:49:48,25.4,40.7,arduino_uno
2025-11-24 09:49:50,25.4,40.7,arduino_uno
2025-11-24 09:49:52,25.4,40.8,arduino_uno
2025-11-24 09:49:54,25.4,40.9,arduino_uno
2025-11-24 09:49:56,25.4,40.9,arduino_uno
2025-11-24 09:49:58,25.4,40.9,arduino_uno
2025-11-24 09:50:00,25.4,40.8,arduino_uno
2025-11-24 09:50:02,25.4,40.8,arduino_uno
2025-11-24 09:50:04,25.4,40.9,arduino_uno
2025-11-24 09:50:06,25.4,40.9,arduino_uno
2025-11-24 09:50:08,25.4,40.9,arduino_uno
2025-11-24 09:50:10,25.4,40.9,arduino_uno
2025-11-24 09:50:12,25.4,40.9,arduino_uno
2025-11-24 09:50:14,25.4,40.8,arduino_uno
2025-11-24 09:50:16,25.4,40.8,arduino_uno
2025-11-24 09:50:18,25.4,40.8,arduino_uno
2025-11-24 09:50:20,25.4,40.7,arduino_uno
2025-11-24 09:50:22,25.4,40.7,arduino_uno
2025-11-24 09:50:24,25.4,40.7,arduino_uno
2025-11-24 09:50:26,25.4,40.8,arduino_uno
2025-11-24 09:50:28,25.4,40.8,arduino_uno
2025-11-24 09:50:30,25.4,40.8,arduino_uno
2025-11-24 09:50:32,25.4,40.8,arduino_uno
2025-11-24 09:50:34,25.4,40.7,arduino_uno
2025-11-24 09:50:36,25.4,40.8,arduino_uno
2025-11-24 09:50:38,25.4,40.8,arduino_uno
2025-11-24 09:50:40,25.4,40.8,arduino_uno
2025-11-24 09:50:42,25.4,40.8,arduino_uno
2025-11-24 09:50:44,25.4,40.8,arduino_uno
2025-11-24 09:50:46,25.4,40.8,arduino_uno
2025-11-24 09:50:48,25.4,40.8,arduino_uno
2025-11-24 09:50:50,25.4,40.8,arduino_uno
2025-11-24 09:50:52,25.4,40.8,arduino_uno
2025-11-24 09:50:54,25.4,40.8,arduino_uno
2025-11-24 09:50:56,25.4,40.8,arduino_uno
2025-11-24 09:50:58,25.4,40.8,arduino_uno
2025-11-24 09:51:00,25.4,40.9,arduino_uno
2025-11-24 09:51:02,25.4,40.9,arduino_uno
2025-11-24 09:51:04,25.4,41.0,arduino_uno
2025-11-24 09:51:06,25.4,40.9,arduino_uno
2025-11-24 09:51:08,25.4,40.9,arduino_uno
2025-11-24 09:51:10,25.4,40.9,arduino_uno
2025-11-24 09:51:12,25.4,41.0,arduino_uno
2025-11-24 09:51:14,25.4,41.0,arduino_uno
2025-11-24 09:51:16,25.4,41.1,arduino_uno
2025-11-24 09:51:18,25.4,41.1,arduino_uno
2025-11-24 09:51:20,25.4,41.1,arduino_uno
2025-11-24 09:51:22,25.4,41.2,arduino_uno
2025-11-24 09:51:24,25.4,41.2,arduino_uno
2025-11-24 09:51:26,25.4,41.3,arduino_uno
2025-11-24 09:51:28,25.4,41.3,arduino_uno
2025-11-24 09:51:30,25.4,41.3,arduino_uno
2025-11-24 09:51:32,25.4,41.2,arduino_uno
2025-11-24 09:51:34,25.4,41.3,arduino_uno
2025-11-24 09:51:36,25.5,41.3,arduino_uno
2025-11-24 09:51:38,25.4,41.3,arduino_uno
2025-11-24 09:51:40,25.4,41.3,arduino_uno
2025-11-24 09:51:42,25.4,41.3,arduino_uno
2025-11-24 09:51:44,25.4,41.2,arduino_uno
2025-11-24 09:51:46,25.4,41.2,arduino_uno
2025-11-24 09:51:48,25.5,41.7,arduino_uno
2025-11-24 09:51:50,25.5,41.8,arduino_uno
2025-11-24 09:51:52,25.4,41.8,arduino_uno
2025-11-24 09:51:54,25.4,41.7,arduino_uno
2025-11-24 09:51:56,25.5,41.5,arduino_uno
2025-11-24 09:51:58,25.4,41.5,arduino_uno
2025-11-24 09:52:00,25.4,41.6,arduino_uno
2025-11-24 09:52:02,25.4,41.6,arduino_uno
2025-11-24 09:52:05,25.4,41.5,arduino_uno
2025-11-24 09:52:07,25.5,41.5,arduino_uno
2025-11-24 09:52:09,25.5,41.5,arduino_uno
2025-11-24 09:52:11,25.5,41.4,arduino_uno
2025-11-24 09:52:13,25.4,41.5,arduino_uno
2025-11-24 09:52:15,25.4,41.5,arduino_uno
2025-11-24 09:52:17,25.4,41.4,arduino_uno
2025-11-24 09:52:19,25.5,41.4,arduino_uno
2025-11-24 09:52:21,25.4,41.4,arduino_uno
2025-11-24 09:52:23,25.5,41.4,arduino_uno
2025-11-24 09:52:25,25.4,41.4,arduino_uno
2025-11-24 09:52:27,25.5,41.4,arduino_uno
2025-11-24 09:52:29,25.5,41.3,arduino_uno
2025-11-24 09:52:31,25.5,41.3,arduino_uno
2025-11-24 09:52:33,25.4,41.2,arduino_uno
2025-11-24 09:52:35,25.5,41.3,arduino_uno
2025-11-24 09:52:37,25.5,41.3,arduino_uno
2025-11-24 09:52:39,25.5,41.3,arduino_uno
2025-11-24 09:52:41,25.5,41.3,arduino_uno
2025-11-24 09:52:43,25.5,41.2,arduino_uno
2025-11-24 09:52:45,25.5,41.2,arduino_uno
2025-11-24 09:52:47,25.5,41.3,arduino_uno
2025-11-24 09:52:49,25.5,41.3,arduino_uno
2025-11-24 09:52:51,25.5,41.3,arduino_uno
2025-11-24 09:52:53,25.5,41.3,arduino_uno
2025-11-24 09:52:55,25.5,41.3,arduino_uno
2025-11-24 09:52:57,25.5,41.4,arduino_uno
2025-11-24 09:52:59,25.5,41.3,arduino_uno
2025-11-24 09:53:01,25.5,41.4,arduino_uno
2025-11-24 09:53:03,25.5,41.3,arduino_uno
2025-11-24 09:53:05,25.5,41.3,arduino_uno
2025-11-24 09:53:07,25.5,41.3,arduino_uno
2025-11-24 09:53:09,25.5,41.3,arduino_uno
2025-11-24 09:53:11,25.5,41.3,arduino_uno
2025-11-24 09:53:13,25.5,41.3,arduino_uno
2025-11-24 09:53:15,25.5,41.3,arduino_uno
2025-11-24 09:53:17,25.5,41.3,arduino_uno
2025-11-24 09:53:19,25.5,41.3,arduino_uno
2025-11-24 09:53:21,25.5,41.3,arduino_uno
2025-11-24 09:53:23,25.5,41.3,arduino_uno
2025-11-24 09:53:25,25.5,41.4,arduino_uno
2025-11-24 09:53:27,25.5,41.4,arduino_uno
2025-11-24 09:53:29,25.5,41.3,arduino_uno
2025-11-24 09:53:31,25.5,41.3,arduino_uno
2025-11-24 09:53:33,25.5,41.3,arduino_uno
2025-11-24 09:53:35,25.5,41.3,arduino_uno
2025-11-24 09:53:37,25.5,41.4,arduino_uno
2025-11-24 09:53:39,25.5,41.4,arduino_uno
2025-11-24 09:53:41,25.5,41.4,arduino_uno
2025-11-24 09:53:43,25.5,41.4,arduino_uno
2025-11-24 09:53:45,25.5,41.3,arduino_uno
2025-11-24 09:53:47,25.5,41.4,arduino_uno
2025-11-24 09:53:49,25.5,41.4,arduino_uno
2025-11-24 09:53:51,25.5,41.4,arduino_uno
2025-11-24 09:53:53,25.5,41.4,arduino_uno
2025-11-24 09:53:55,25.5,41.4,arduino_uno
2025-11-24 09:53:57,25.5,41.4,arduino_uno
2025-11-24 09:53:59,25.5,41.4,arduino_uno
2025-11-24 09:54:01,25.5,41.4,arduino_uno
2025-11-24 09:54:03,25.5,41.4,arduino_uno
2025-11-24 09:54:05,25.5,41.4,arduino_uno
2025-11-24 09:54:07,25.5,41.4,arduino_uno
2025-11-24 09:54:09,25.5,41.4,arduino_uno
2025-11-24 09:54:11,25.5,41.3,arduino_uno
2025-11-24 09:54:13,25.5,41.4,arduino_uno
2025-11-24 09:54:15,25.5,41.4,arduino_uno
2025-11-24 09:54:17,25.5,41.4,arduino_uno
2025-11-24 09:54:19,25.5,41.4,arduino_uno
2025-11-24 09:54:21,25.5,41.3,arduino_uno
2025-11-24 09:54:23,25.5,41.4,arduino_uno
2025-11-24 09:54:25,25.5,41.4,arduino_uno
2025-11-24 09:54:27,25.5,41.4,arduino_uno
2025-11-24 09:54:29,25.5,41.4,arduino_uno
2025-11-24 09:54:31,25.5,41.4,arduino_uno
2025-11-24 09:54:33,25.5,41.4,arduino_uno
2025-11-24 09:54:35,25.5,41.4,arduino_uno
2025-11-24 09:54:37,25.5,41.4,arduino_uno
2025-11-24 09:54:39,25.5,41.4,arduino_uno
2025-11-24 09:54:41,25.5,41.4,arduino_uno
2025-11-24 09:54:43,25.5,41.3,arduino_uno
2025-11-24 09:54:45,25.5,41.3,arduino_uno
2025-11-24 09:54:47,25.5,41.4,arduino_uno
2025-11-24 09:54:49,25.5,41.4,arduino_uno
2025-11-24 09:54:51,25.5,41.4,arduino_uno
2025-11-24 09:54:53,25.5,41.4,arduino_uno
2025-11-24 09:54:55,25.5,41.4,arduino_uno
2025-11-24 09:54:57,25.5,41.4,arduino_uno
2025-11-24 09:54:59,25.5,41.4,arduino_uno
2025-11-24 09:55:01,25.5,41.4,arduino_uno
2025-11-24 09:55:03,25.5,41.4,arduino_uno
2025-11-24 09:55:05,25.5,41.4,arduino_uno
2025-11-24 09:55:07,25.5,41.4,arduino_uno
2025-11-24 09:55:09,25.5,41.4,arduino_uno
2025-11-24 09:55:11,25.5,41.5,arduino_uno
2025-11-24 09:55:13,25.5,41.4,arduino_uno
2025-11-24 09:55:15,25.5,41.4,arduino_uno
2025-11-24 09:55:17,25.5,41.4,arduino_uno
2025-11-24 09:55:19,25.5,41.4,arduino_uno
2025-11-24 09:55:21,25.5,41.4,arduino_uno
2025-11-24 09:55:23,25.5,41.4,arduino_uno
2025-11-24 09:55:25,25.5,41.4,arduino_uno
2025-11-24 09:55:27,25.5,41.5,arduino_uno
2025-11-24 09:55:29,25.5,41.5,arduino_uno
2025-11-24 09:55:31,25.5,41.5,arduino_uno
2025-11-24 09:55:33,25.6,41.5,arduino_uno
2025-11-24 09:55:35,25.6,41.6,arduino_uno
2025-11-24 09:55:37,25.5,41.5,arduino_uno
2025-11-24 09:55:39,25.5,41.5,arduino_uno
2025-11-24 09:55:41,25.5,41.4,arduino_uno
2025-11-24 09:55:43,25.5,41.4,arduino_uno
2025-11-24 09:55:45,25.5,41.4,arduino_uno
2025-11-24 09:55:47,25.5,41.5,arduino_uno
2025-11-24 09:55:49,25.5,41.4,arduino_uno
2025-11-24 09:55:51,25.5,41.5,arduino_uno
2025-11-24 09:55:53,25.5,41.6,arduino_uno
2025-11-24 09:55:55,25.5,41.5,arduino_uno
2025-11-24 09:55:57,25.5,41.5,arduino_uno
2025-11-24 09:55:59,25.5,41.5,arduino_uno
2025-11-24 09:56:01,25.5,41.5,arduino_uno
2025-11-24 09:56:03,25.5,41.5,arduino_uno
2025-11-24 09:56:05,25.5,41.5,arduino_uno
2025-11-24 09:56:07,25.5,41.5,arduino_uno
2025-11-24 09:56:09,25.5,41.6,arduino_uno
2025-11-24 09:56:11,25.5,41.5,arduino_uno
2025-11-24 09:56:13,25.5,41.6,arduino_uno
2025-11-24 09:56:15,25.5,41.7,arduino_uno
2025-11-24 09:56:17,25.5,41.7,arduino_uno
2025-11-24 09:56:19,25.5,41.7,arduino_uno
2025-11-24 09:56:21,25.5,41.7,arduino_uno
2025-11-24 09:56:23,25.5,41.7,arduino_uno
2025-11-24 09:56:25,25.5,41.8,arduino_uno
2025-11-24 09:56:27,25.5,41.7,arduino_uno
2025-11-24 09:56:29,25.5,41.7,arduino_uno
2025-11-24 09:56:31,25.5,41.7,arduino_uno
2025-11-24 09:56:33,25.5,41.7,arduino_uno
2025-11-24 09:56:35,25.5,41.7,arduino_uno
2025-11-24 09:56:37,25.5,41.7,arduino_uno
2025-11-24 09:56:39,25.5,41.7,arduino_uno
2025-11-24 09:56:41,25.4,41.6,arduino_uno
2025-11-24 09:56:43,25.4,41.6,arduino_uno
2025-11-24 09:56:45,25.4,41.6,arduino_uno
2025-11-24 09:56:47,25.4,41.7,arduino_uno
2025-11-24 09:56:49,25.4,41.7,arduino_uno
2025-11-24 09:56:51,25.4,41.7,arduino_uno
2025-11-24 09:56:53,25.4,41.7,arduino_uno
2025-11-24 09:56:55,25.4,41.7,arduino_uno
2025-11-24 09:56:57,25.4,41.7,arduino_uno
2025-11-24 09:56:59,25.4,41.7,arduino_uno
2025-11-24 09:57:01,25.4,41.7,arduino_uno
2025-11-24 09:57:03,25.4,41.7,arduino_uno
2025-11-24 09:57:05,25.4,41.7,arduino_uno
2025-11-24 09:57:07,25.4,41.7,arduino_uno
2025-11-24 09:57:09,25.4,41.7,arduino_uno
2025-11-24 09:57:11,25.4,41.7,arduino_uno
2025-11-24 09:57:13,25.4,41.7,arduino_uno
2025-11-24 09:57:16,25.4,41.8,arduino_uno
2025-11-24 09:57:18,25.4,41.7,arduino_uno
2025-11-24 09:57:20,25.4,41.7,arduino_uno
2025-11-24 09:57:22,25.4,41.7,arduino_uno
2025-11-24 09:57:24,25.4,41.7,arduino_uno
2025-11-24 09:57:26,25.4,41.8,arduino_uno
2025-11-24 09:57:28,25.4,41.8,arduino_uno
2025-11-24 09:57:30,25.4,41.8,arduino_uno
2025-11-24 09:57:32,25.4,41.7,arduino_uno
2025-11-24 09:57:34,25.4,41.7,arduino_uno
2025-11-24 09:57:36,25.4,41.7,arduino_uno
2025-11-24 09:57:38,25.4,41.7,arduino_uno
2025-11-24 09:57:40,25.4,41.7,arduino_uno
2025-11-24 09:57:42,25.4,41.7,arduino_uno
2025-11-24 09:57:44,25.4,41.7,arduino_uno
2025-11-24 09:57:46,25.4,41.8,arduino_uno
2025-11-24 09:57:48,25.4,41.8,arduino_uno
2025-11-24 09:57:50,25.4,41.8,arduino_uno
2025-11-24 09:57:52,25.4,41.8,arduino_uno
2025-11-24 09:57:54,25.4,41.8,arduino_uno
2025-11-24 09:57:56,25.4,41.8,arduino_uno
2025-11-24 09:57:58,25.4,41.8,arduino_uno
2025-11-24 09:58:00,25.4,41.8,arduino_uno
2025-11-24 09:58:02,25.4,41.9,arduino_uno
2025-11-24 09:58:04,25.4,41.9,arduino_uno
2025-11-24 09:58:06,25.4,41.8,arduino_uno
2025-11-24 09:58:08,25.4,41.8,arduino_uno
2025-11-24 09:58:10,25.4,41.7,arduino_uno
2025-11-24 09:58:12,25.4,41.7,arduino_uno
2025-11-24 09:58:14,25.4,41.8,arduino_uno
2025-11-24 09:58:16,25.4,41.8,arduino_uno
2025-11-24 09:58:18,25.4,41.8,arduino_uno
2025-11-24 09:58:20,25.4,41.9,arduino_uno
2025-11-24 09:58:22,25.4,41.8,arduino_uno
2025-11-24 09:58:24,25.4,41.9,arduino_uno
2025-11-24 09:58:26,25.4,41.8,arduino_uno
2025-11-24 09:58:28,25.4,41.8,arduino_uno
2025-11-24 09:58:30,25.4,41.8,arduino_uno
2025-11-24 09:58:32,25.4,41.8,arduino_uno
2025-11-24 09:58:34,25.4,41.8,arduino_uno
2025-11-24 09:58:36,25.4,41.8,arduino_uno
2025-11-24 09:58:38,25.4,41.8,arduino_uno
2025-11-24 09:58:40,25.4,41.8,arduino_uno
2025-11-24 09:58:42,25.4,41.8,arduino_uno
2025-11-24 09:58:44,25.4,41.8,arduino_uno
2025-11-24 09:58:46,25.4,41.8,arduino_uno
2025-11-24 09:58:48,25.4,41.8,arduino_uno
2025-11-24 09:58:50,25.4,41.8,arduino_uno
2025-11-24 09:58:52,25.4,41.9,arduino_uno
2025-11-24 09:58:54,25.4,41.9,arduino_uno
2025-11-24 09:58:56,25.4,41.9,arduino_uno
2025-11-24 09:58:58,25.4,41.9,arduino_uno
2025-11-24 09:59:00,25.4,41.9,arduino_uno
2025-11-24 09:59:02,25.4,41.9,arduino_uno
2025-11-24 09:59:04,25.4,41.8,arduino_uno
2025-11-24 09:59:06,25.4,41.8,arduino_uno
2025-11-24 09:59:08,25.4,41.8,arduino_uno
2025-11-24 09:59:10,25.4,41.7,arduino_uno
2025-11-24 09:59:12,25.4,41.8,arduino_uno
2025-11-24 09:59:14,25.4,41.8,arduino_uno
2025-11-24 09:59:16,25.4,41.8,arduino_uno
2025-11-24 09:59:18,25.4,41.8,arduino_uno
2025-11-24 09:59:20,25.4,41.8,arduino_uno
2025-11-24 09:59:22,25.4,41.8,arduino_uno
2025-11-24 09:59:24,25.4,41.8,arduino_uno
2025-11-24 09:59:26,25.4,41.8,arduino_uno
2025-11-24 09:59:28,25.4,41.7,arduino_uno
2025-11-24 09:59:30,25.4,41.7,arduino_uno
2025-11-24 09:59:32,25.4,41.9,arduino_uno
2025-11-24 09:59:34,25.4,41.8,arduino_uno
2025-11-24 09:59:36,25.4,41.8,arduino_uno
2025-11-24 09:59:38,25.4,41.8,arduino_uno
2025-11-24 09:59:40,25.4,41.8,arduino_uno
2025-11-24 09:59:42,25.4,41.8,arduino_uno
2025-11-24 09:59:44,25.4,41.8,arduino_uno
2025-11-24 09:59:46,25.4,41.8,arduino_uno
2025-11-24 09:59:48,25.4,41.8,arduino_uno
2025-11-24 09:59:50,25.4,41.8,arduino_uno
2025-11-24 09:59:52,25.4,41.8,arduino_uno
2025-11-24 09:59:54,25.4,41.8,arduino_uno
2025-11-24 09:59:56,25.4,41.8,arduino_uno
2025-11-24 09:59:58,25.4,41.9,arduino_uno
2025-11-24 10:00:00,25.4,41.8,arduino_uno
2025-11-24 10:00:02,25.4,41.9,arduino_uno
2025-11-24 10:00:04,25.4,41.9,arduino_uno
2025-11-24 10:00:06,25.4,41.9,arduino_uno
2025-11-24 10:00:08,25.4,41.9,arduino_uno
2025-11-24 10:00:10,25.4,41.9,arduino_uno
2025-11-24 10:00:12,25.4,41.9,arduino_uno
2025-11-24 10:00:14,25.4,41.9,arduino_uno
2025-11-24 10:00:16,25.4,41.8,arduino_uno
2025-11-24 10:00:18,25.4,41.8,arduino_uno
2025-11-24 10:00:20,25.4,41.9,arduino_uno
2025-11-24 10:00:22,25.4,41.9,arduino_uno
2025-11-24 10:00:24,25.4,41.9,arduino_uno
2025-11-24 10:00:26,25.4,41.9,arduino_uno
2025-11-24 10:00:28,25.4,41.9,arduino_uno
2025-11-24 10:00:30,25.4,41.9,arduino_uno
2025-11-24 10:00:32,25.4,41.8,arduino_uno
2025-11-24 10:00:34,25.4,41.8,arduino_uno
2025-11-24 10:00:36,25.4,41.8,arduino_uno
2025-11-24 10:00:38,25.4,41.8,arduino_uno
2025-11-24 10:00:40,25.4,41.8,arduino_uno
2025-11-24 10:00:42,25.4,41.9,arduino_uno
2025-11-24 10:00:44,25.4,41.8,arduino_uno
2025-11-24 10:00:46,25.4,41.8,arduino_uno
2025-11-24 10:00:48,25.4,41.8,arduino_uno
2025-11-24 10:00:50,25.4,41.8,arduino_uno
2025-11-24 10:00:52,25.4,41.8,arduino_uno
2025-11-24 10:00:54,25.4,41.7,arduino_uno
2025-11-24 10:00:56,25.4,41.8,arduino_uno
2025-11-24 10:00:58,25.4,41.8,arduino_uno
2025-11-24 10:01:00,25.4,41.8,arduino_uno
2025-11-24 10:01:02,25.4,41.8,arduino_uno
2025-11-24 10:01:04,25.4,41.8,arduino_uno
2025-11-24 10:01:06,25.4,41.8,arduino_uno
2025-11-24 10:01:08,25.4,41.7,arduino_uno
2025-11-24 10:01:10,25.4,41.8,arduino_uno
2025-11-24 10:01:12,25.4,41.7,arduino_uno
2025-11-24 10:01:14,25.4,41.7,arduino_uno
2025-11-24 10:01:16,25.4,41.7,arduino_uno
2025-11-24 10:01:18,25.4,41.9,arduino_uno
2025-11-24 10:01:20,25.4,41.9,arduino_uno
2025-11-24 10:01:22,25.4,41.8,arduino_uno
2025-11-24 10:01:24,25.4,41.8,arduino_uno
2025-11-24 10:01:26,25.4,41.8,arduino_uno
2025-11-24 10:01:28,25.4,41.7,arduino_uno
2025-11-24 10:01:30,25.4,41.8,arduino_uno
2025-11-24 10:01:32,25.4,41.8,arduino_uno
2025-11-24 10:01:34,25.4,41.7,arduino_uno
2025-11-24 10:01:36,25.4,41.7,arduino_uno
2025-11-24 10:01:38,25.4,41.7,arduino_uno
2025-11-24 10:01:40,25.4,41.7,arduino_uno
2025-11-24 10:01:42,25.4,41.7,arduino_uno
2025-11-24 10:01:44,25.4,41.7,arduino_uno
2025-11-24 10:01:46,25.4,41.7,arduino_uno
2025-11-24 10:01:48,25.4,41.7,arduino_uno
2025-11-24 10:01:50,25.4,41.7,arduino_uno
2025-11-24 10:01:52,25.4,41.7,arduino_uno
2025-11-24 10:01:54,25.4,41.7,arduino_uno
2025-11-24 10:01:56,25.4,41.7,arduino_uno
2025-11-24 10:01:58,25.4,41.7,arduino_uno
2025-11-24 10:02:00,25.4,41.7,arduino_uno
2025-11-24 10:02:02,25.4,41.7,arduino_uno
2025-11-24 10:02:04,25.4,41.7,arduino_uno
2025-11-24 10:02:06,25.4,41.7,arduino_uno
2025-11-24 10:02:08,25.4,41.7,arduino_uno
2025-11-24 10:02:10,25.4,41.8,arduino_uno
2025-11-24 10:02:12,25.4,41.8,arduino_uno
2025-11-24 10:02:14,25.4,41.9,arduino_uno
2025-11-24 10:02:16,25.4,41.9,arduino_uno
2025-11-24 10:02:18,25.4,41.8,arduino_uno
2025-11-24 10:02:20,25.4,41.9,arduino_uno
2025-11-24 10:02:22,25.4,41.9,arduino_uno
2025-11-24 10:02:24,25.4,41.9,arduino_uno
2025-11-24 10:02:27,25.4,41.9,arduino_uno
2025-11-24 10:02:29,25.4,41.9,arduino_uno
2025-11-24 10:02:31,25.4,41.9,arduino_uno
2025-11-24 10:02:33,25.4,41.8,arduino_uno
2025-11-24 10:02:35,25.4,41.8,arduino_uno
2025-11-24 10:02:37,25.4,41.9,arduino_uno
2025-11-24 10:02:39,25.4,41.9,arduino_uno
2025-11-24 10:02:41,25.4,41.9,arduino_uno
2025-11-24 10:02:43,25.4,41.9,arduino_uno
2025-11-24 10:02:45,25.4,41.9,arduino_uno
2025-11-24 10:02:47,25.4,42.0,arduino_uno
2025-11-24 10:02:49,25.3,42.0,arduino_uno
2025-11-24 10:02:51,25.4,42.0,arduino_uno
2025-11-24 10:02:53,25.4,42.0,arduino_uno
2025-11-24 10:02:55,25.3,42.0,arduino_uno
2025-11-24 10:02:57,25.3,42.0,arduino_uno
2025-11-24 10:02:59,25.4,42.0,arduino_uno
2025-11-24 10:03:01,25.3,42.0,arduino_uno
2025-11-24 10:03:03,25.3,42.1,arduino_uno
2025-11-24 10:03:05,25.3,42.1,arduino_uno
2025-11-24 10:03:07,25.3,42.0,arduino_uno
2025-11-24 10:03:09,25.3,42.1,arduino_uno
2025-11-24 10:03:11,25.3,42.1,arduino_uno
2025-11-24 10:03:13,25.3,42.1,arduino_uno
2025-11-24 10:03:15,25.3,42.2,arduino_uno
2025-11-24 10:03:17,25.3,42.1,arduino_uno
2025-11-24 10:03:19,25.3,42.1,arduino_uno
2025-11-24 10:03:21,25.3,42.2,arduino_uno
2025-11-24 10:03:23,25.3,42.2,arduino_uno
2025-11-24 10:03:25,25.3,42.2,arduino_uno
2025-11-24 10:03:27,25.3,42.2,arduino_uno
2025-11-24 10:03:29,25.3,42.2,arduino_uno
2025-11-24 10:03:31,25.3,42.2,arduino_uno
2025-11-24 10:03:33,25.3,42.2,arduino_uno
2025-11-24 10:03:35,25.3,42.2,arduino_uno
2025-11-24 10:03:37,25.3,42.2,arduino_uno
2025-11-24 10:03:39,25.3,42.2,arduino_uno
2025-11-24 10:03:41,25.3,42.2,arduino_uno
2025-11-24 10:03:43,25.3,42.2,arduino_uno
2025-11-24 10:03:45,25.3,42.2,arduino_uno
2025-11-24 10:03:47,25.3,42.3,arduino_uno
2025-11-24 10:03:49,25.3,42.2,arduino_uno
2025-11-24 10:03:51,25.3,42.3,arduino_uno
2025-11-24 10:03:53,25.3,42.4,arduino_uno
2025-11-24 10:03:55,25.3,42.4,arduino_uno
2025-11-24 10:03:57,25.3,42.4,arduino_uno
2025-11-24 10:03:59,25.4,42.3,arduino_uno
2025-11-24 10:04:01,25.3,42.4,arduino_uno
2025-11-24 10:04:03,25.3,42.3,arduino_uno
2025-11-24 10:04:05,25.3,42.3,arduino_uno
2025-11-24 10:04:07,25.3,42.3,arduino_uno
2025-11-24 10:04:09,25.4,42.4,arduino_uno
2025-11-24 10:04:11,25.4,42.3,arduino_uno
2025-11-24 10:04:13,25.4,42.3,arduino_uno
2025-11-24 10:04:15,25.4,42.2,arduino_uno
2025-11-24 10:04:17,25.4,42.2,arduino_uno
2025-11-24 10:04:19,25.4,42.2,arduino_uno
2025-11-24 10:04:21,25.4,42.2,arduino_uno
2025-11-24 10:04:23,25.4,42.2,arduino_uno
2025-11-24 10:04:25,25.4,42.3,arduino_uno
2025-11-24 10:04:27,25.4,42.3,arduino_uno
2025-11-24 10:04:29,25.4,42.3,arduino_uno
2025-11-24 10:04:31,25.4,42.3,arduino_uno
2025-11-24 10:04:33,25.4,42.4,arduino_uno
2025-11-24 10:04:35,25.4,42.4,arduino_uno
2025-11-24 10:04:37,25.4,42.4,arduino_uno
2025-11-24 10:04:39,25.4,42.4,arduino_uno
2025-11-24 10:04:41,25.4,42.3,arduino_uno
2025-11-24 10:04:43,25.4,42.4,arduino_uno
2025-11-24 10:04:45,25.4,42.4,arduino_uno
2025-11-24 10:04:47,25.4,42.4,arduino_uno
2025-11-24 10:04:49,25.4,42.4,arduino_uno
2025-11-24 10:04:51,25.4,42.4,arduino_uno
2025-11-24 10:04:53,25.4,42.4,arduino_uno
2025-11-24 10:04:55,25.5,42.4,arduino_uno
2025-11-24 10:04:57,25.4,42.5,arduino_uno
2025-11-24 10:04:59,25.4,42.5,arduino_uno
2025-11-24 10:05:01,25.5,42.5,arduino_uno
2025-11-24 10:05:03,25.5,42.5,arduino_uno
2025-11-24 10:05:05,25.5,42.5,arduino_uno
2025-11-24 10:05:07,25.5,42.5,arduino_uno
2025-11-24 10:05:09,25.5,42.5,arduino_uno
2025-11-24 10:05:11,25.5,42.5,arduino_uno
2025-11-24 10:05:13,25.5,42.4,arduino_uno
2025-11-24 10:05:15,25.5,42.4,arduino_uno
2025-11-24 10:05:17,25.5,42.4,arduino_uno
2025-11-24 10:05:19,25.5,42.4,arduino_uno
2025-11-24 10:05:21,25.5,42.4,arduino_uno
2025-11-24 10:05:23,25.5,42.4,arduino_uno
2025-11-24 10:05:25,25.5,42.4,arduino_uno
2025-11-24 10:05:27,25.5,42.4,arduino_uno
2025-11-24 10:05:29,25.5,42.4,arduino_uno
2025-11-24 10:05:31,25.5,42.4,arduino_uno
2025-11-24 10:05:33,25.5,42.4,arduino_uno
2025-11-24 10:05:35,25.5,42.3,arduino_uno
2025-11-24 10:05:37,25.5,42.3,arduino_uno
2025-11-24 10:05:39,25.5,42.3,arduino_uno
2025-11-24 10:05:41,25.5,42.3,arduino_uno
2025-11-24 10:05:43,25.5,42.3,arduino_uno
2025-11-24 10:05:45,25.5,42.3,arduino_uno
2025-11-24 10:05:47,25.5,42.2,arduino_uno
2025-11-24 10:05:49,25.5,42.2,arduino_uno
2025-11-24 10:05:51,25.5,42.2,arduino_uno
2025-11-24 10:05:53,25.5,42.2,arduino_uno
2025-11-24 10:05:55,25.5,42.2,arduino_uno
2025-11-24 10:05:57,25.5,42.2,arduino_uno
2025-11-24 10:05:59,25.5,42.2,arduino_uno
2025-11-24 10:06:01,25.5,42.2,arduino_uno
2025-11-24 10:06:03,25.5,42.2,arduino_uno
2025-11-24 10:06:05,25.5,42.2,arduino_uno
2025-11-24 10:06:07,25.5,42.4,arduino_uno
2025-11-24 10:06:09,25.5,42.4,arduino_uno
2025-11-24 10:06:11,25.5,42.4,arduino_uno
2025-11-24 10:06:13,25.5,42.4,arduino_uno
2025-11-24 10:06:15,25.5,42.4,arduino_uno
2025-11-24 10:06:17,25.5,42.4,arduino_uno
2025-11-24 10:06:19,25.5,42.4,arduino_uno
2025-11-24 10:06:21,25.5,42.4,arduino_uno
2025-11-24 10:06:23,25.5,42.5,arduino_uno
2025-11-24 10:06:25,25.5,42.4,arduino_uno
2025-11-24 10:06:27,25.5,42.3,arduino_uno
2025-11-24 10:06:29,25.5,42.3,arduino_uno
2025-11-24 10:06:31,25.5,42.3,arduino_uno
2025-11-24 10:06:33,25.5,42.3,arduino_uno
2025-11-24 10:06:35,25.5,42.3,arduino_uno
2025-11-24 10:06:37,25.6,42.2,arduino_uno
2025-11-24 10:06:39,25.5,42.2,arduino_uno
2025-11-24 10:06:41,25.5,42.2,arduino_uno
2025-11-24 10:06:43,25.5,42.2,arduino_uno
2025-11-24 10:06:45,25.5,42.2,arduino_uno
2025-11-24 10:06:47,25.5,42.2,arduino_uno
2025-11-24 10:54:37,24.4,34.5,arduino_uno
2025-11-24 10:54:39,24.5,34.1,arduino_uno
2025-11-24 10:54:41,24.5,34.0,arduino_uno
2025-11-24 10:54:43,24.5,34.0,arduino_uno
2025-11-24 10:54:45,24.5,41.4,arduino_uno
2025-11-24 10:54:47,24.6,59.1,arduino_uno
2025-11-24 10:54:49,24.8,71.7,arduino_uno
2025-11-24 10:54:51,25.0,79.8,arduino_uno
2025-11-24 10:54:53,25.3,85.3,arduino_uno
2025-11-24 10:54:55,25.6,89.3,arduino_uno
2025-11-24 10:54:57,25.8,82.6,arduino_uno
2025-11-24 10:54:59,26.1,65.9,arduino_uno
2025-11-24 10:55:01,26.3,54.3,arduino_uno
2025-11-24 10:55:03,26.5,48.2,arduino_uno
2025-11-24 10:55:05,26.6,44.2,arduino_uno
2025-11-24 10:55:07,26.8,41.6,arduino_uno
2025-11-24 10:55:09,26.9,39.8,arduino_uno
2025-11-24 10:55:11,27.0,38.3,arduino_uno
2025-11-24 10:55:13,27.1,37.1,arduino_uno
2025-11-24 10:55:15,27.2,36.5,arduino_uno
2025-11-24 10:55:17,27.2,35.8,arduino_uno
2025-11-24 10:55:19,27.3,35.3,arduino_uno
2025-11-24 10:55:21,27.3,35.2,arduino_uno
2025-11-24 10:55:23,27.3,35.5,arduino_uno
2025-11-24 10:55:25,27.3,35.7,arduino_uno
2025-11-24 10:55:27,27.3,35.0,arduino_uno
2025-11-24 10:55:29,27.3,35.5,arduino_uno
2025-11-24 10:55:31,27.3,34.8,arduino_uno
2025-11-24 10:55:33,27.3,34.1,arduino_uno
2025-11-24 10:55:35,27.3,33.7,arduino_uno
2025-11-24 10:55:37,27.3,33.9,arduino_uno
2025-11-24 10:55:39,27.3,34.0,arduino_uno
2025-11-24 10:55:41,27.2,33.8,arduino_uno
2025-11-24 10:55:43,27.2,33.5,arduino_uno
2025-11-24 10:55:45,27.1,33.5,arduino_uno
2025-11-24 10:55:47,27.1,33.7,arduino_uno
2025-11-24 10:55:49,27.1,33.9,arduino_uno
2025-11-24 10:55:51,27.0,33.7,arduino_uno
2025-11-24 10:55:53,27.0,33.4,arduino_uno
2025-11-24 10:55:55,27.0,33.6,arduino_uno
2025-11-24 10:55:57,26.9,33.6,arduino_uno
2025-11-24 10:55:59,26.9,33.8,arduino_uno
2025-11-24 10:56:01,26.8,33.8,arduino_uno
2025-11-24 10:56:03,26.8,33.7,arduino_uno
2025-11-24 10:56:05,26.7,33.5,arduino_uno
2025-11-24 10:56:07,26.7,33.4,arduino_uno
2025-11-24 10:56:09,26.7,33.1,arduino_uno
2025-11-24 10:56:11,26.6,32.7,arduino_uno
2025-11-24 10:56:13,26.6,32.4,arduino_uno
2025-11-24 10:56:15,26.5,32.3,arduino_uno
2025-11-24 10:56:17,26.5,33.1,arduino_uno
2025-11-24 10:56:19,26.5,33.2,arduino_uno
2025-11-24 10:56:21,26.4,33.0,arduino_uno
2025-11-24 10:56:23,26.4,32.6,arduino_uno
2025-11-24 10:56:25,26.3,32.4,arduino_uno
2025-11-24 10:56:27,26.3,32.3,arduino_uno
2025-11-24 10:56:29,26.3,32.3,arduino_uno
2025-11-24 10:56:31,26.2,32.2,arduino_uno
2025-11-24 10:56:33,26.2,32.6,arduino_uno
2025-11-24 10:56:35,26.1,32.7,arduino_uno
2025-11-24 10:56:37,26.1,32.6,arduino_uno
2025-11-24 10:56:39,26.1,32.6,arduino_uno
2025-11-24 10:56:41,26.0,32.6,arduino_uno
2025-11-24 10:56:43,26.0,32.5,arduino_uno
2025-11-24 10:56:45,26.0,32.5,arduino_uno
2025-11-24 10:56:48,25.9,32.4,arduino_uno
2025-11-24 10:56:50,25.9,32.5,arduino_uno
2025-11-24 10:56:52,25.9,32.4,arduino_uno
2025-11-24 10:56:54,25.8,32.4,arduino_uno
2025-11-24 10:56:56,25.8,32.5,arduino_uno
2025-11-24 10:56:58,25.8,32.4,arduino_uno
2025-11-24 10:57:00,25.7,32.4,arduino_uno
2025-11-24 10:57:02,25.7,32.4,arduino_uno
2025-11-24 10:57:04,25.7,32.4,arduino_uno
2025-11-24 10:57:06,25.7,32.4,arduino_uno
2025-11-24 10:57:08,25.6,32.4,arduino_uno
2025-11-24 10:57:10,25.6,32.4,arduino_uno
2025-11-24 10:57:12,25.6,32.5,arduino_uno
2025-11-24 10:57:14,25.5,32.6,arduino_uno
2025-11-24 10:57:16,25.5,32.9,arduino_uno
2025-11-24 10:57:18,25.5,32.7,arduino_uno
2025-11-24 10:57:20,25.5,32.7,arduino_uno
2025-11-24 10:57:22,25.4,32.7,arduino_uno
2025-11-24 10:57:24,25.4,33.2,arduino_uno
2025-11-24 10:57:26,25.4,33.0,arduino_uno
2025-11-24 10:57:28,25.4,32.9,arduino_uno
2025-11-24 10:57:30,25.3,32.8,arduino_uno
2025-11-24 10:57:32,25.3,32.7,arduino_uno
2025-11-24 10:57:34,25.3,32.6,arduino_uno
2025-11-24 10:57:36,25.3,32.7,arduino_uno
2025-11-24 10:57:38,25.2,33.1,arduino_uno
2025-11-24 10:57:40,25.2,33.3,arduino_uno
2025-11-24 10:57:42,25.2,33.3,arduino_uno
2025-11-24 10:57:44,25.2,33.4,arduino_uno
2025-11-24 10:57:46,25.2,33.4,arduino_uno
2025-11-24 10:57:48,25.1,33.5,arduino_uno
2025-11-24 10:57:50,25.1,33.3,arduino_uno
2025-11-24 10:57:52,25.1,33.2,arduino_uno
2025-11-24 10:57:54,25.1,33.3,arduino_uno
2025-11-24 10:57:56,25.1,33.3,arduino_uno
2025-11-24 10:57:58,25.0,33.8,arduino_uno
2025-11-24 10:58:00,25.0,33.9,arduino_uno
2025-11-24 10:58:02,25.0,34.0,arduino_uno
2025-11-24 10:58:04,25.0,33.8,arduino_uno
2025-11-24 10:58:06,25.0,33.4,arduino_uno
2025-11-24 10:58:08,25.0,33.2,arduino_uno
2025-11-24 10:58:10,24.9,33.0,arduino_uno
2025-11-24 10:58:12,24.9,33.0,arduino_uno
2025-11-24 10:58:14,24.9,32.9,arduino_uno
2025-11-24 10:58:16,24.9,33.0,arduino_uno
2025-11-24 10:58:18,24.9,33.1,arduino_uno
2025-11-24 10:58:20,24.9,33.0,arduino_uno
2025-11-24 10:58:22,24.8,33.0,arduino_uno
2025-11-24 10:58:24,24.8,33.1,arduino_uno
2025-11-24 10:58:26,24.8,33.4,arduino_uno
2025-11-24 10:58:28,24.8,34.1,arduino_uno
2025-11-24 10:58:30,24.8,34.3,arduino_uno
2025-11-24 10:58:32,24.8,34.6,arduino_uno
2025-11-24 10:58:34,24.8,34.5,arduino_uno
2025-11-24 10:58:36,24.7,34.3,arduino_uno
2025-11-24 10:58:38,24.7,34.4,arduino_uno
2025-11-24 10:58:40,24.7,34.3,arduino_uno
2025-11-24 10:58:42,24.7,34.5,arduino_uno
2025-11-24 10:58:44,24.7,34.3,arduino_uno
2025-11-24 10:58:46,24.7,34.0,arduino_uno
2025-11-24 10:58:48,24.7,34.1,arduino_uno
2025-11-24 10:58:50,24.7,34.1,arduino_uno
2025-11-24 10:58:52,24.7,34.3,arduino_uno
2025-11-24 10:58:54,24.6,34.5,arduino_uno
2025-11-24 10:58:56,24.6,34.5,arduino_uno
2025-11-24 10:58:58,24.6,35.0,arduino_uno
2025-11-24 10:59:00,24.6,34.9,arduino_uno
2025-11-24 10:59:02,24.6,34.9,arduino_uno
2025-11-24 10:59:04,24.6,34.6,arduino_uno
2025-11-24 10:59:06,24.6,34.6,arduino_uno
2025-11-24 10:59:08,24.6,34.5,arduino_uno
2025-11-24 10:59:10,24.5,34.5,arduino_uno
2025-11-24 10:59:12,24.5,34.5,arduino_uno
2025-11-24 10:59:14,24.5,34.4,arduino_uno
2025-11-24 10:59:16,24.5,34.0,arduino_uno
2025-11-24 10:59:18,24.5,33.7,arduino_uno
2025-11-24 10:59:20,24.5,34.1,arduino_uno
2025-11-24 10:59:22,24.5,33.9,arduino_uno
2025-11-24 10:59:24,24.5,33.8,arduino_uno
2025-11-24 10:59:26,24.5,34.5,arduino_uno
2025-11-24 10:59:28,24.5,34.7,arduino_uno
2025-11-24 10:59:30,24.5,34.9,arduino_uno
2025-11-24 10:59:32,24.4,34.9,arduino_uno
2025-11-24 10:59:34,24.4,34.4,arduino_uno
2025-11-24 10:59:36,24.4,34.5,arduino_uno
2025-11-24 10:59:38,24.4,34.4,arduino_uno
2025-11-24 10:59:40,24.4,34.7,arduino_uno
2025-11-24 10:59:42,24.4,34.6,arduino_uno
2025-11-24 10:59:44,24.4,34.5,arduino_uno
2025-11-24 10:59:46,24.4,34.8,arduino_uno
2025-11-24 10:59:48,24.4,34.4,arduino_uno
2025-11-24 10:59:50,24.4,34.4,arduino_uno
2025-11-24 10:59:52,24.4,34.6,arduino_uno
2025-11-24 10:59:54,24.4,34.8,arduino_uno
2025-11-24 10:59:56,24.4,35.2,arduino_uno
2025-11-24 10:59:58,24.4,34.9,arduino_uno
2025-11-24 11:00:00,24.3,35.3,arduino_uno
2025-11-24 11:00:02,24.4,35.0,arduino_uno
2025-11-24 11:00:04,24.3,35.3,arduino_uno
2025-11-24 11:00:06,24.3,34.7,arduino_uno
2025-11-24 11:00:08,24.3,34.6,arduino_uno
2025-11-24 11:00:10,24.3,34.7,arduino_uno
2025-11-24 11:00:12,24.3,34.8,arduino_uno
2025-11-24 11:00:14,24.3,34.6,arduino_uno
2025-11-24 11:00:16,24.3,34.4,arduino_uno
2025-11-24 11:00:18,24.3,34.3,arduino_uno
2025-11-24 11:00:20,24.3,35.0,arduino_uno
2025-11-24 11:00:22,24.3,34.9,arduino_uno
2025-11-24 11:00:24,24.3,34.5,arduino_uno
2025-11-24 11:00:26,24.3,34.3,arduino_uno
2025-11-24 11:00:28,24.3,34.2,arduino_uno
2025-11-24 11:00:30,24.3,34.2,arduino_uno
2025-11-24 11:00:32,24.3,33.9,arduino_uno
2025-11-24 11:00:34,24.3,33.8,arduino_uno
2025-11-24 11:00:36,24.3,34.5,arduino_uno
2025-11-24 11:00:38,24.2,34.9,arduino_uno
2025-11-24 11:00:40,24.2,35.1,arduino_uno
2025-11-24 11:00:42,24.2,35.3,arduino_uno
2025-11-24 11:00:44,24.2,35.1,arduino_uno
2025-11-24 11:00:46,24.2,35.7,arduino_uno
2025-11-24 11:00:48,24.2,36.2,arduino_uno
2025-11-24 11:00:50,24.2,35.9,arduino_uno
2025-11-24 11:00:52,24.2,35.4,arduino_uno
2025-11-24 11:00:54,24.2,34.9,arduino_uno
2025-11-24 11:00:56,24.2,34.4,arduino_uno
2025-11-24 11:00:58,24.2,34.3,arduino_uno
2025-11-24 11:01:00,24.2,34.1,arduino_uno
2025-11-24 11:01:02,24.2,33.9,arduino_uno
2025-11-24 11:01:04,24.2,33.6,arduino_uno
2025-11-24 11:01:06,24.2,33.4,arduino_uno
2025-11-24 11:01:08,24.2,33.3,arduino_uno
2025-11-24 11:01:10,24.2,33.2,arduino_uno
2025-11-24 11:01:12,24.1,33.2,arduino_uno
2025-11-24 11:01:14,24.2,33.1,arduino_uno
2025-11-24 11:01:16,24.2,33.0,arduino_uno
2025-11-24 11:01:18,24.1,33.5,arduino_uno
2025-11-24 11:01:20,24.1,34.0,arduino_uno
2025-11-24 11:01:22,24.1,33.8,arduino_uno
2025-11-24 11:01:24,24.1,33.6,arduino_uno
2025-11-24 11:01:26,24.1,33.6,arduino_uno
2025-11-24 11:01:28,24.1,33.5,arduino_uno
2025-11-24 11:01:30,24.1,33.4,arduino_uno
2025-11-24 11:01:32,24.1,33.4,arduino_uno
2025-11-24 11:01:34,24.1,33.4,arduino_uno
2025-11-24 11:01:36,24.1,33.3,arduino_uno
2025-11-24 11:01:38,24.1,33.4,arduino_uno
2025-11-24 11:01:40,24.1,33.5,arduino_uno
2025-11-24 11:01:42,24.1,33.5,arduino_uno
2025-11-24 11:01:44,24.1,33.6,arduino_uno
2025-11-24 11:01:46,24.1,33.6,arduino_uno
2025-11-24 11:01:48,24.1,33.6,arduino_uno
2025-11-24 11:01:50,24.1,33.9,arduino_uno
2025-11-24 11:01:52,24.1,33.9,arduino_uno
2025-11-24 11:01:54,24.1,33.7,arduino_uno
2025-11-24 11:01:56,24.1,33.6,arduino_uno
2025-11-24 11:01:59,24.1,33.5,arduino_uno
2025-11-24 11:02:01,24.1,33.5,arduino_uno
2025-11-24 11:02:03,24.1,33.8,arduino_uno
2025-11-24 11:02:05,24.1,33.7,arduino_uno
2025-11-24 11:02:07,24.1,33.6,arduino_uno
2025-11-24 11:02:09,24.1,33.4,arduino_uno
2025-11-24 11:02:11,24.1,33.4,arduino_uno
2025-11-24 11:02:13,24.1,33.3,arduino_uno
2025-11-24 11:02:15,24.1,33.3,arduino_uno
2025-11-24 11:02:17,24.1,33.6,arduino_uno
2025-11-24 11:02:19,24.0,33.7,arduino_uno
2025-11-24 11:02:21,24.1,33.6,arduino_uno
2025-11-24 11:02:23,24.0,33.7,arduino_uno
2025-11-24 11:02:25,24.1,34.0,arduino_uno
2025-11-24 11:02:27,24.1,34.6,arduino_uno
2025-11-24 11:02:29,24.1,34.5,arduino_uno
2025-11-24 11:02:31,24.0,34.5,arduino_uno
2025-11-24 11:02:33,24.0,34.2,arduino_uno
2025-11-24 11:02:35,24.1,34.1,arduino_uno
2025-11-24 11:02:37,24.1,33.8,arduino_uno
2025-11-24 11:02:39,24.1,33.6,arduino_uno
2025-11-24 11:02:41,24.1,33.4,arduino_uno
2025-11-24 11:02:43,24.1,33.4,arduino_uno
2025-11-24 11:02:45,24.1,33.3,arduino_uno
2025-11-24 11:02:47,24.0,33.3,arduino_uno
2025-11-24 11:02:49,24.1,33.3,arduino_uno
2025-11-24 11:02:51,24.0,33.4,arduino_uno
2025-11-24 11:02:53,24.0,33.4,arduino_uno
2025-11-24 11:02:55,24.0,33.4,arduino_uno
2025-11-24 11:02:57,24.1,33.3,arduino_uno
2025-11-24 11:02:59,24.0,33.7,arduino_uno
2025-11-24 11:03:01,24.0,33.9,arduino_uno
2025-11-24 11:03:03,24.0,34.3,arduino_uno
2025-11-24 11:03:05,24.0,34.4,arduino_uno
2025-11-24 11:03:07,24.0,34.5,arduino_uno
2025-11-24 11:03:09,24.0,34.6,arduino_uno
2025-11-24 11:03:11,24.0,35.5,arduino_uno
2025-11-24 11:03:13,24.0,35.7,arduino_uno
2025-11-24 11:03:15,24.0,35.3,arduino_uno
2025-11-24 11:03:17,24.1,34.9,arduino_uno
2025-11-24 11:03:19,24.0,34.6,arduino_uno
2025-11-24 11:03:21,24.0,34.4,arduino_uno
2025-11-24 11:03:23,24.0,34.5,arduino_uno
2025-11-24 11:03:25,24.0,34.6,arduino_uno
2025-11-24 11:03:27,24.0,34.5,arduino_uno
2025-11-24 11:03:29,24.0,34.5,arduino_uno
2025-11-24 11:03:31,24.0,34.6,arduino_uno
2025-11-24 11:03:33,24.0,34.5,arduino_uno
2025-11-24 11:03:35,24.0,34.9,arduino_uno
2025-11-24 11:03:37,24.0,35.4,arduino_uno
2025-11-24 11:03:39,24.0,35.2,arduino_uno
2025-11-24 11:03:41,24.0,34.9,arduino_uno
2025-11-24 11:03:43,24.0,34.8,arduino_uno
2025-11-24 11:03:45,24.0,34.8,arduino_uno
2025-11-24 11:03:47,24.0,34.7,arduino_uno
2025-11-24 11:03:49,24.0,34.5,arduino_uno
2025-11-24 11:03:51,24.0,34.2,arduino_uno
2025-11-24 11:03:53,24.0,34.0,arduino_uno
2025-11-24 11:03:55,24.0,33.8,arduino_uno
2025-11-24 11:03:57,24.0,33.7,arduino_uno
2025-11-24 11:03:59,24.0,33.5,arduino_uno
2025-11-24 11:04:01,24.0,33.4,arduino_uno
2025-11-24 11:04:03,24.0,33.3,arduino_uno
2025-11-24 11:04:05,24.0,33.2,arduino_uno
2025-11-24 11:04:07,24.0,33.2,arduino_uno
2025-11-24 11:04:09,24.0,33.1,arduino_uno
2025-11-24 11:04:11,24.0,33.1,arduino_uno
2025-11-24 11:04:13,24.0,33.1,arduino_uno
2025-11-24 11:04:15,23.9,33.0,arduino_uno
2025-11-24 11:04:17,23.9,33.0,arduino_uno
2025-11-24 11:04:19,23.9,32.9,arduino_uno
2025-11-24 11:04:21,23.9,32.9,arduino_uno
2025-11-24 11:04:23,23.9,32.9,arduino_uno
2025-11-24 11:04:25,23.9,32.9,arduino_uno
2025-11-24 11:04:27,23.9,32.9,arduino_uno
2025-11-24 11:04:29,23.9,32.9,arduino_uno
2025-11-24 11:04:31,23.9,32.9,arduino_uno
2025-11-24 11:04:33,23.9,32.8,arduino_uno
2025-11-24 11:04:35,23.9,32.8,arduino_uno
2025-11-24 11:04:37,23.9,32.8,arduino_uno
2025-11-24 11:04:39,23.9,32.8,arduino_uno
2025-11-24 11:04:41,23.9,32.8,arduino_uno
2025-11-24 11:04:43,23.9,32.8,arduino_uno
2025-11-24 11:04:45,23.9,32.8,arduino_uno
2025-11-24 11:04:47,23.9,32.8,arduino_uno
2025-11-24 11:04:49,23.9,32.8,arduino_uno
2025-11-24 11:04:51,23.8,32.8,arduino_uno
2025-11-24 11:04:53,23.8,32.8,arduino_uno
2025-11-24 11:04:55,23.8,32.7,arduino_uno
2025-11-24 11:04:57,23.8,32.7,arduino_uno
2025-11-24 11:04:59,23.8,32.7,arduino_uno
2025-11-24 11:05:01,23.8,32.7,arduino_uno
2025-11-24 11:05:03,23.8,32.8,arduino_uno
2025-11-24 11:05:05,23.8,32.7,arduino_uno
2025-11-24 11:05:07,23.8,32.8,arduino_uno
2025-11-24 11:05:09,23.8,32.8,arduino_uno
2025-11-24 11:05:11,23.8,32.8,arduino_uno
2025-11-24 11:05:13,23.8,32.8,arduino_uno
2025-11-24 11:05:15,23.8,32.8,arduino_uno
2025-11-24 11:05:17,23.8,32.8,arduino_uno
2025-11-24 11:05:19,23.8,32.8,arduino_uno
2025-11-24 11:05:21,23.8,32.7,arduino_uno
2025-11-24 11:05:23,23.8,32.7,arduino_uno
2025-11-24 11:05:25,23.8,32.7,arduino_uno
2025-11-24 11:05:27,23.8,32.8,arduino_uno
2025-11-24 11:05:29,23.8,32.8,arduino_uno
2025-11-24 11:05:31,23.7,32.8,arduino_uno
2025-11-24 11:05:33,23.7,32.8,arduino_uno
2025-11-24 11:05:35,23.7,32.8,arduino_uno
2025-11-24 11:05:37,23.7,32.8,arduino_uno
2025-11-24 11:05:39,23.7,32.8,arduino_uno
2025-11-24 11:05:41,23.7,32.8,arduino_uno
2025-11-24 11:05:43,23.7,32.8,arduino_uno
2025-11-24 11:05:45,23.7,32.8,arduino_uno
2025-11-24 11:05:47,23.7,32.8,arduino_uno
2025-11-24 11:05:49,23.7,32.8,arduino_uno
2025-11-24 11:05:51,23.7,32.8,arduino_uno
2025-11-24 11:05:53,23.7,32.8,arduino_uno
2025-11-24 11:05:55,23.7,32.8,arduino_uno
2025-11-24 11:05:57,23.7,32.8,arduino_uno
2025-11-24 11:05:59,23.7,32.8,arduino_uno
2025-11-24 11:06:01,23.7,32.8,arduino_uno
2025-11-24 11:06:03,23.7,32.8,arduino_uno
2025-11-24 11:06:05,23.7,32.8,arduino_uno
2025-11-24 11:06:07,23.7,32.8,arduino_uno
2025-11-24 11:06:09,23.7,32.7,arduino_uno
2025-11-24 11:06:11,23.7,32.8,arduino_uno
2025-11-24 11:06:13,23.7,32.8,arduino_uno
2025-11-24 11:06:15,23.7,32.8,arduino_uno
2025-11-24 11:06:17,23.7,32.8,arduino_uno
2025-11-24 11:06:19,23.6,32.8,arduino_uno
2025-11-24 11:06:21,23.7,32.8,arduino_uno
2025-11-24 11:06:23,23.6,32.8,arduino_uno
2025-11-24 11:06:25,23.6,32.8,arduino_uno
2025-11-24 11:06:27,23.6,32.8,arduino_uno
2025-11-24 11:06:29,23.6,32.8,arduino_uno
2025-11-24 11:06:31,23.6,32.8,arduino_uno
2025-11-24 11:06:33,23.6,32.8,arduino_uno
2025-11-24 11:06:35,23.6,32.8,arduino_uno
2025-11-24 11:06:37,23.6,32.8,arduino_uno
2025-11-24 11:06:39,23.6,32.8,arduino_uno
2025-11-24 11:06:41,23.6,32.8,arduino_uno
2025-11-24 11:06:43,23.6,32.8,arduino_uno
2025-11-24 11:06:45,23.6,32.8,arduino_uno
2025-11-24 11:06:47,23.6,32.8,arduino_uno
2025-11-24 11:06:50,23.6,32.8,arduino_uno
2025-11-24 11:06:51,23.6,32.8,arduino_uno
2025-11-24 11:06:53,23.6,32.8,arduino_uno
2025-11-24 11:06:55,23.6,32.8,arduino_uno
2025-11-24 11:06:57,23.6,32.8,arduino_uno
2025-11-24 11:06:59,23.6,32.8,arduino_uno
2025-11-24 11:07:01,23.6,32.8,arduino_uno
2025-11-24 11:07:03,23.6,32.8,arduino_uno
2025-11-24 11:07:05,23.6,32.9,arduino_uno
2025-11-24 11:07:07,23.6,32.9,arduino_uno
2025-11-24 11:07:10,23.6,32.8,arduino_uno
2025-11-24 11:07:12,23.6,32.8,arduino_uno
2025-11-24 11:07:14,23.6,32.8,arduino_uno
2025-11-24 11:07:16,23.6,32.8,arduino_uno
2025-11-24 11:07:18,23.6,32.8,arduino_uno
2025-11-24 11:07:20,23.6,32.8,arduino_uno
2025-11-24 11:07:22,23.6,32.8,arduino_uno
2025-11-24 11:07:24,23.6,32.8,arduino_uno
2025-11-24 11:07:26,23.6,32.8,arduino_uno
2025-11-24 11:07:28,23.6,32.8,arduino_uno
2025-11-24 11:07:30,23.6,32.8,arduino_uno
2025-11-24 11:07:32,23.6,32.8,arduino_uno
2025-11-24 11:07:34,23.6,32.9,arduino_uno
2025-11-24 11:07:36,23.6,32.8,arduino_uno
2025-11-24 11:07:38,23.6,32.8,arduino_uno
2025-11-24 11:07:40,23.6,32.8,arduino_uno
2025-11-24 11:07:42,23.6,32.8,arduino_uno
2025-11-24 11:07:44,23.6,32.8,arduino_uno
2025-11-24 11:07:46,23.6,32.8,arduino_uno
2025-11-24 11:07:48,23.6,32.8,arduino_uno
2025-11-24 11:07:50,23.6,32.8,arduino_uno
2025-11-24 11:07:52,23.5,32.8,arduino_uno
2025-11-24 11:07:54,23.6,32.8,arduino_uno
2025-11-24 11:07:56,23.5,32.8,arduino_uno
2025-11-24 11:07:58,23.5,32.9,arduino_uno
2025-11-24 11:08:00,23.5,32.8,arduino_uno
2025-11-24 11:08:02,23.5,32.8,arduino_uno
2025-11-24 11:08:04,23.5,32.8,arduino_uno
2025-11-24 11:08:06,23.5,32.9,arduino_uno
2025-11-24 11:08:08,23.5,32.9,arduino_uno
2025-11-24 11:08:10,23.5,32.9,arduino_uno
2025-11-24 11:08:12,23.5,32.9,arduino_uno
2025-11-24 11:08:14,23.5,32.8,arduino_uno
2025-11-24 11:08:16,23.5,32.8,arduino_uno
2025-11-24 11:08:18,23.5,32.8,arduino_uno
2025-11-24 11:08:20,23.5,32.8,arduino_uno
2025-11-24 11:08:22,23.5,32.8,arduino_uno
2025-11-24 11:08:24,23.5,32.8,arduino_uno
2025-11-24 11:08:26,23.5,32.8,arduino_uno
2025-11-24 11:08:28,23.5,32.8,arduino_uno
2025-11-24 11:08:30,23.5,32.8,arduino_uno
2025-11-24 11:08:32,23.5,32.8,arduino_uno
2025-11-24 11:08:34,23.5,32.8,arduino_uno
2025-11-24 11:08:36,23.5,32.8,arduino_uno
2025-11-24 11:08:38,23.5,32.9,arduino_uno
2025-11-24 11:08:40,23.5,32.8,arduino_uno
2025-11-24 11:08:42,23.5,32.8,arduino_uno
2025-11-24 11:08:44,23.5,32.8,arduino_uno
2025-11-24 11:08:46,23.5,32.9,arduino_uno
2025-11-24 11:08:48,23.5,32.8,arduino_uno
2025-11-24 11:08:50,23.5,32.9,arduino_uno
2025-11-24 11:08:52,23.5,32.8,arduino_uno
2025-11-24 11:08:54,23.4,32.8,arduino_uno
2025-11-24 11:08:56,23.5,32.9,arduino_uno
2025-11-24 11:08:58,23.5,32.8,arduino_uno
2025-11-24 11:09:00,23.5,32.8,arduino_uno
2025-11-24 11:09:02,23.5,32.9,arduino_uno
2025-11-24 11:09:04,23.5,33.0,arduino_uno
2025-11-24 11:09:06,23.4,33.1,arduino_uno
2025-11-24 11:09:08,23.4,33.2,arduino_uno
2025-11-24 11:14:27,24.3,33.5,arduino_uno
2025-11-24 11:14:29,24.2,34.1,arduino_uno
2025-11-24 11:14:31,24.2,34.0,arduino_uno
2025-11-24 11:14:33,24.2,33.7,arduino_uno
2025-11-24 11:14:35,24.2,33.6,arduino_uno
2025-11-24 11:14:37,24.2,33.7,arduino_uno
2025-11-24 11:14:39,24.2,33.7,arduino_uno
2025-11-24 11:14:41,24.2,33.5,arduino_uno
2025-11-24 11:14:43,24.2,33.3,arduino_uno
2025-11-24 11:14:45,24.2,33.0,arduino_uno
2025-11-24 11:14:47,24.2,32.9,arduino_uno
2025-11-24 11:14:49,24.2,33.0,arduino_uno
2025-11-24 11:14:51,24.2,33.2,arduino_uno
2025-11-24 11:14:53,24.2,33.1,arduino_uno
2025-11-24 11:14:55,24.2,33.0,arduino_uno
2025-11-24 11:14:57,24.1,33.0,arduino_uno
2025-11-24 11:14:59,24.1,33.2,arduino_uno
2025-11-24 11:15:01,24.1,33.5,arduino_uno
2025-11-24 11:15:03,24.1,33.5,arduino_uno
2025-11-24 11:15:05,24.1,33.3,arduino_uno
2025-11-24 11:15:07,24.1,33.2,arduino_uno
2025-11-24 11:15:09,24.1,33.0,arduino_uno
2025-11-24 11:15:11,24.1,33.3,arduino_uno
2025-11-24 11:15:13,24.1,33.4,arduino_uno
2025-11-24 11:15:15,24.1,33.1,arduino_uno
2025-11-24 11:15:17,24.1,32.9,arduino_uno
2025-11-24 11:15:19,24.1,32.8,arduino_uno
2025-11-24 11:15:21,24.0,32.7,arduino_uno
2025-11-24 11:15:23,24.0,33.0,arduino_uno
2025-11-24 11:15:25,24.0,33.5,arduino_uno
2025-11-24 11:15:27,24.0,34.0,arduino_uno
2025-11-24 11:15:30,24.0,33.8,arduino_uno
2025-11-24 11:15:32,24.0,33.9,arduino_uno
2025-11-24 11:15:34,24.0,34.0,arduino_uno
2025-11-24 11:15:36,24.0,33.7,arduino_uno
2025-11-24 11:15:38,24.0,33.4,arduino_uno
2025-11-24 11:15:40,24.0,33.1,arduino_uno
2025-11-24 11:15:42,24.0,33.0,arduino_uno
2025-11-24 11:15:44,24.0,33.0,arduino_uno
2025-11-24 11:15:46,24.0,33.2,arduino_uno
2025-11-24 11:15:48,23.9,33.4,arduino_uno
2025-11-24 11:15:50,23.9,33.5,arduino_uno
2025-11-24 11:15:52,23.9,33.6,arduino_uno
2025-11-24 11:15:54,23.9,33.6,arduino_uno
2025-11-24 11:15:56,23.9,33.9,arduino_uno
2025-11-24 11:15:58,23.9,34.6,arduino_uno
2025-11-24 11:16:00,23.9,34.7,arduino_uno
2025-11-24 11:16:02,23.9,34.4,arduino_uno
2025-11-24 11:16:04,23.9,34.2,arduino_uno
2025-11-24 11:16:06,23.9,34.1,arduino_uno
2025-11-24 11:16:08,23.9,34.3,arduino_uno
2025-11-24 11:16:10,23.9,34.2,arduino_uno
2025-11-24 11:16:12,23.9,34.1,arduino_uno
2025-11-24 11:16:14,23.9,33.9,arduino_uno
2025-11-24 11:16:16,23.9,33.9,arduino_uno
2025-11-24 11:16:18,23.9,33.9,arduino_uno
2025-11-24 11:16:20,23.9,34.1,arduino_uno
2025-11-24 11:16:22,23.9,34.1,arduino_uno
2025-11-24 11:16:24,23.9,33.9,arduino_uno
2025-11-24 11:16:26,23.9,33.6,arduino_uno
2025-11-24 11:16:28,23.9,33.3,arduino_uno
2025-11-24 11:16:30,23.8,33.1,arduino_uno
2025-11-24 11:16:32,23.9,33.0,arduino_uno
2025-11-24 11:16:34,23.9,33.1,arduino_uno
2025-11-24 11:16:36,23.8,33.2,arduino_uno
2025-11-24 11:16:38,23.9,33.5,arduino_uno
2025-11-24 11:16:40,23.8,33.6,arduino_uno
2025-11-24 11:16:42,23.8,33.5,arduino_uno
2025-11-24 11:16:44,23.8,33.2,arduino_uno
2025-11-24 11:16:46,23.8,33.1,arduino_uno
2025-11-24 11:16:48,23.8,33.3,arduino_uno
2025-11-24 11:16:50,23.8,33.7,arduino_uno
2025-11-24 11:16:52,23.8,33.4,arduino_uno
2025-11-24 11:16:54,23.8,33.3,arduino_uno
2025-11-24 11:16:56,23.8,33.5,arduino_uno
2025-11-24 11:16:58,23.8,33.7,arduino_uno
2025-11-24 11:17:00,23.8,33.7,arduino_uno
2025-11-24 11:17:02,23.8,34.2,arduino_uno
2025-11-24 11:17:04,23.8,34.9,arduino_uno
2025-11-24 11:17:06,23.8,35.4,arduino_uno
2025-11-24 11:17:08,23.8,35.3,arduino_uno
2025-11-24 11:17:10,23.8,35.1,arduino_uno
2025-11-24 11:17:12,23.8,34.7,arduino_uno
2025-11-24 11:17:14,23.8,34.4,arduino_uno
2025-11-24 11:17:16,23.8,34.2,arduino_uno
2025-11-24 11:17:18,23.8,34.2,arduino_uno
2025-11-24 11:17:20,23.8,34.0,arduino_uno
2025-11-24 11:17:22,23.8,33.6,arduino_uno
2025-11-24 11:17:24,23.8,33.4,arduino_uno
2025-11-24 11:17:26,23.8,33.2,arduino_uno
2025-11-24 11:17:28,23.8,33.2,arduino_uno
2025-11-24 11:17:30,23.8,33.7,arduino_uno
2025-11-24 11:17:32,23.8,33.9,arduino_uno
2025-11-24 11:17:34,23.7,34.4,arduino_uno
2025-11-24 11:17:36,23.8,34.8,arduino_uno
2025-11-24 11:17:38,23.7,34.8,arduino_uno
2025-11-24 11:17:40,23.7,34.9,arduino_uno
2025-11-24 11:17:42,23.8,34.5,arduino_uno
2025-11-24 11:17:44,23.7,34.0,arduino_uno
2025-11-24 11:17:46,23.7,33.7,arduino_uno
2025-11-24 11:17:48,23.7,34.0,arduino_uno
2025-11-24 11:17:50,23.7,34.6,arduino_uno
2025-11-24 11:17:52,23.7,34.9,arduino_uno
2025-11-24 11:17:54,23.7,35.1,arduino_uno
2025-11-24 11:17:56,23.7,35.3,arduino_uno
2025-11-24 11:17:58,23.7,35.1,arduino_uno
2025-11-24 11:18:00,23.7,35.0,arduino_uno
2025-11-24 11:18:02,23.7,34.7,arduino_uno
2025-11-24 11:18:04,23.7,34.3,arduino_uno
2025-11-24 11:18:06,23.7,34.2,arduino_uno
2025-11-24 11:18:08,23.7,34.1,arduino_uno
2025-11-24 11:18:10,23.7,34.1,arduino_uno
2025-11-24 11:18:12,23.7,34.1,arduino_uno
2025-11-24 11:18:14,23.7,34.0,arduino_uno
2025-11-24 11:18:16,23.7,34.0,arduino_uno
2025-11-24 11:18:18,23.7,34.2,arduino_uno
2025-11-24 11:18:20,23.7,34.2,arduino_uno
2025-11-24 11:18:22,23.7,34.2,arduino_uno
2025-11-24 11:18:24,23.7,34.0,arduino_uno
2025-11-24 11:18:26,23.7,34.1,arduino_uno
2025-11-24 11:18:28,23.7,34.1,arduino_uno
2025-11-24 11:18:30,23.7,34.1,arduino_uno
2025-11-24 11:18:32,23.7,34.1,arduino_uno
2025-11-24 11:18:34,23.7,34.0,arduino_uno
2025-11-24 11:18:36,23.7,34.2,arduino_uno
2025-11-24 11:18:38,23.7,34.5,arduino_uno
2025-11-24 11:18:40,23.7,34.3,arduino_uno
2025-11-24 11:18:42,23.7,34.1,arduino_uno
2025-11-24 11:18:44,23.7,33.9,arduino_uno
2025-11-24 11:18:46,23.7,34.1,arduino_uno
2025-11-24 11:18:48,23.7,34.3,arduino_uno
2025-11-24 11:18:50,23.7,34.3,arduino_uno
2025-11-24 11:18:52,23.7,34.1,arduino_uno
2025-11-24 11:18:54,23.7,34.2,arduino_uno
2025-11-24 11:18:56,23.7,34.3,arduino_uno
2025-11-24 11:18:58,23.7,34.4,arduino_uno
2025-11-24 11:19:00,23.7,34.2,arduino_uno
2025-11-24 11:19:02,23.7,34.0,arduino_uno
2025-11-24 11:19:04,23.7,34.1,arduino_uno
2025-11-24 11:19:06,23.7,33.8,arduino_uno
2025-11-24 11:19:08,23.7,33.7,arduino_uno
2025-11-24 11:19:10,23.7,33.9,arduino_uno
2025-11-24 11:19:12,23.7,34.0,arduino_uno
2025-11-24 11:19:14,23.7,34.1,arduino_uno
2025-11-24 11:19:16,23.7,34.4,arduino_uno
2025-11-24 11:19:18,23.7,34.6,arduino_uno
2025-11-24 11:19:20,23.7,34.6,arduino_uno
2025-11-24 11:19:22,23.7,34.5,arduino_uno
2025-11-24 11:19:24,23.7,34.3,arduino_uno
2025-11-24 11:19:26,23.7,34.3,arduino_uno
2025-11-24 11:19:28,23.7,34.1,arduino_uno
2025-11-24 11:19:30,23.7,34.0,arduino_uno
2025-11-24 11:19:32,23.7,34.2,arduino_uno
2025-11-24 11:19:34,23.7,34.4,arduino_uno
2025-11-24 11:19:36,23.7,34.4,arduino_uno
2025-11-24 11:19:38,23.7,34.1,arduino_uno
2025-11-24 11:19:40,23.7,33.9,arduino_uno
2025-11-24 11:19:42,23.7,33.8,arduino_uno
2025-11-24 11:19:44,23.7,33.8,arduino_uno
2025-11-24 11:19:46,23.7,33.8,arduino_uno
2025-11-24 11:19:48,23.7,33.9,arduino_uno
2025-11-24 11:19:50,23.7,33.9,arduino_uno
2025-11-24 11:19:52,23.7,34.1,arduino_uno
2025-11-24 11:19:54,23.7,35.0,arduino_uno
2025-11-24 11:19:56,23.7,35.7,arduino_uno
2025-11-24 11:19:58,23.7,35.1,arduino_uno
2025-11-24 11:20:00,23.7,34.5,arduino_uno
2025-11-24 11:20:02,23.7,34.1,arduino_uno
2025-11-24 11:20:04,23.7,33.9,arduino_uno
2025-11-24 11:20:06,23.7,33.7,arduino_uno
2025-11-24 11:20:08,23.7,33.5,arduino_uno
2025-11-24 11:20:10,23.7,33.4,arduino_uno
2025-11-24 11:20:12,23.7,33.6,arduino_uno
2025-11-24 11:20:14,23.7,33.8,arduino_uno
2025-11-24 11:20:16,23.7,33.9,arduino_uno
2025-11-24 11:20:18,23.7,34.0,arduino_uno
2025-11-24 11:20:20,23.7,33.8,arduino_uno
2025-11-24 11:20:22,23.7,33.6,arduino_uno
2025-11-24 11:20:24,23.7,33.5,arduino_uno
2025-11-24 11:20:26,23.7,33.8,arduino_uno
2025-11-24 11:20:28,23.7,33.9,arduino_uno
2025-11-24 11:20:30,23.7,33.7,arduino_uno
2025-11-24 11:20:32,23.7,33.9,arduino_uno
2025-11-24 11:20:34,23.7,34.0,arduino_uno
2025-11-24 11:20:36,23.7,34.2,arduino_uno
2025-11-24 11:20:38,23.7,34.3,arduino_uno
2025-11-24 11:20:41,23.7,34.8,arduino_uno
2025-11-24 11:20:43,23.7,34.5,arduino_uno
2025-11-24 11:20:45,23.7,35.5,arduino_uno
2025-11-24 11:20:47,23.7,35.3,arduino_uno
2025-11-24 11:20:49,23.7,35.0,arduino_uno
2025-11-24 11:20:51,23.7,34.5,arduino_uno
2025-11-24 11:20:53,23.7,34.3,arduino_uno
2025-11-24 11:20:55,23.7,34.5,arduino_uno
2025-11-24 11:20:57,23.7,36.0,arduino_uno
2025-11-24 11:20:59,23.7,37.1,arduino_uno
2025-11-24 11:21:01,23.7,38.2,arduino_uno
2025-11-24 11:21:03,23.7,38.8,arduino_uno
2025-11-24 11:21:05,23.7,37.7,arduino_uno
2025-11-24 11:21:07,23.7,36.5,arduino_uno
2025-11-24 11:21:09,23.7,35.6,arduino_uno
2025-11-24 11:21:11,23.7,35.1,arduino_uno
2025-11-24 11:21:13,23.7,34.9,arduino_uno
2025-11-24 11:21:15,23.7,34.9,arduino_uno
2025-11-24 11:21:17,23.7,34.6,arduino_uno
2025-11-24 11:21:19,23.7,35.1,arduino_uno
2025-11-24 11:21:21,23.7,35.1,arduino_uno
2025-11-24 11:21:23,23.7,35.0,arduino_uno
2025-11-24 11:21:25,23.7,35.1,arduino_uno
2025-11-24 11:21:27,23.7,35.3,arduino_uno
2025-11-24 11:21:29,23.7,35.0,arduino_uno
2025-11-24 11:21:31,23.7,34.5,arduino_uno
2025-11-24 11:21:33,23.7,34.2,arduino_uno
2025-11-24 11:21:35,23.7,39.0,arduino_uno
2025-11-24 11:21:37,23.8,59.3,arduino_uno
2025-11-24 11:21:39,23.9,69.2,arduino_uno
2025-11-24 11:21:41,24.1,56.8,arduino_uno
2025-11-24 11:21:43,24.2,46.7,arduino_uno
2025-11-24 11:21:45,24.3,42.2,arduino_uno
2025-11-24 11:21:47,24.4,39.8,arduino_uno
2025-11-24 11:21:49,24.5,38.1,arduino_uno
2025-11-24 11:21:51,24.6,36.9,arduino_uno
2025-11-24 11:21:53,24.6,36.4,arduino_uno
2025-11-24 11:21:55,24.7,36.8,arduino_uno
2025-11-24 11:21:57,24.8,35.9,arduino_uno
2025-11-24 11:21:59,24.8,35.3,arduino_uno
2025-11-24 11:22:01,24.9,34.9,arduino_uno
2025-11-24 11:22:03,24.9,34.9,arduino_uno
2025-11-24 11:22:05,25.0,34.6,arduino_uno
2025-11-24 11:22:07,25.0,34.3,arduino_uno
2025-11-24 11:22:09,25.1,34.0,arduino_uno
2025-11-24 11:22:11,25.1,34.0,arduino_uno
2025-11-24 11:22:13,25.2,34.0,arduino_uno
2025-11-24 11:22:15,25.2,34.6,arduino_uno
2025-11-24 11:22:17,25.2,35.3,arduino_uno
2025-11-24 11:22:19,25.3,35.9,arduino_uno
2025-11-24 11:22:21,25.3,36.3,arduino_uno
2025-11-24 11:22:23,25.4,35.8,arduino_uno
2025-11-24 11:22:25,25.4,35.9,arduino_uno
2025-11-24 11:22:27,25.4,35.0,arduino_uno
2025-11-24 11:22:29,25.5,34.3,arduino_uno
2025-11-24 11:22:31,25.5,33.8,arduino_uno
2025-11-24 11:22:33,25.6,33.4,arduino_uno
2025-11-24 11:22:35,25.6,33.1,arduino_uno
2025-11-24 11:22:37,25.6,32.9,arduino_uno
2025-11-24 11:22:39,25.6,32.7,arduino_uno
2025-11-24 11:22:41,25.7,32.6,arduino_uno
2025-11-24 11:22:43,25.7,32.6,arduino_uno
2025-11-24 11:22:45,25.7,32.4,arduino_uno
2025-11-24 11:22:47,25.7,32.4,arduino_uno
2025-11-24 11:22:49,25.8,32.4,arduino_uno
2025-11-24 11:22:51,25.8,32.3,arduino_uno
2025-11-24 11:22:53,25.8,32.3,arduino_uno
2025-11-24 11:22:55,25.8,32.3,arduino_uno
2025-11-24 11:22:57,25.8,32.2,arduino_uno
2025-11-24 11:22:59,25.9,32.2,arduino_uno
2025-11-24 12:02:04,22.9,35.2,arduino_uno
2025-11-24 12:02:05,22.9,34.9,arduino_uno
2025-11-24 12:02:07,22.9,34.8,arduino_uno
2025-11-24 12:02:09,22.9,34.8,arduino_uno
2025-11-24 12:02:11,22.9,35.2,arduino_uno
2025-11-24 12:02:13,22.9,35.2,arduino_uno
2025-11-24 12:02:15,22.9,35.1,arduino_uno
2025-11-24 12:02:17,22.9,35.0,arduino_uno
2025-11-24 12:02:19,22.9,34.8,arduino_uno
2025-11-24 12:02:21,22.9,34.8,arduino_uno
2025-11-24 12:02:23,22.9,34.9,arduino_uno
2025-11-24 12:02:25,22.9,35.2,arduino_uno
2025-11-24 12:02:27,22.9,35.9,arduino_uno
2025-11-24 12:02:29,22.9,42.1,arduino_uno
2025-11-24 12:02:31,22.9,41.6,arduino_uno
2025-11-24 12:02:33,23.0,39.2,arduino_uno
2025-11-24 12:02:35,23.0,37.6,arduino_uno
2025-11-24 12:02:37,23.0,36.7,arduino_uno
2025-11-24 12:02:39,23.0,36.2,arduino_uno
2025-11-24 12:02:42,23.0,35.8,arduino_uno
2025-11-24 12:02:44,23.0,35.6,arduino_uno
2025-11-24 12:02:46,23.0,35.4,arduino_uno
2025-11-24 12:02:48,23.0,35.3,arduino_uno
2025-11-24 12:02:50,23.0,35.3,arduino_uno
2025-11-24 12:02:52,23.1,35.4,arduino_uno
2025-11-24 12:02:54,23.1,35.3,arduino_uno
2025-11-24 12:02:56,23.1,35.3,arduino_uno
2025-11-24 12:02:58,23.1,35.7,arduino_uno
2025-11-24 12:03:00,23.1,35.6,arduino_uno
2025-11-24 12:03:02,23.1,35.4,arduino_uno
2025-11-24 12:03:04,23.1,35.2,arduino_uno
2025-11-24 12:03:06,23.1,35.1,arduino_uno
2025-11-24 12:03:08,23.1,35.1,arduino_uno
2025-11-24 12:03:10,23.1,35.0,arduino_uno
2025-11-24 12:03:12,23.1,34.9,arduino_uno
2025-11-24 12:03:14,23.1,35.0,arduino_uno
2025-11-24 12:03:16,23.2,35.0,arduino_uno
2025-11-24 12:03:18,23.2,35.0,arduino_uno
2025-11-24 12:03:20,23.2,35.1,arduino_uno
2025-11-24 12:03:22,23.2,35.2,arduino_uno
2025-11-24 12:03:24,23.2,34.9,arduino_uno
2025-11-24 12:03:26,23.2,35.0,arduino_uno
2025-11-24 12:03:28,23.2,35.1,arduino_uno
2025-11-24 12:03:30,23.2,35.2,arduino_uno
2025-11-24 12:03:32,23.2,35.1,arduino_uno
2025-11-24 12:03:34,23.2,34.9,arduino_uno
2025-11-24 12:03:36,23.3,34.8,arduino_uno
2025-11-24 12:03:38,23.3,34.7,arduino_uno
2025-11-24 12:03:40,23.3,34.6,arduino_uno
2025-11-24 12:03:42,23.3,34.5,arduino_uno
2025-11-24 12:03:44,23.3,34.4,arduino_uno
2025-11-24 12:03:46,23.3,34.4,arduino_uno
2025-11-24 12:03:48,23.3,34.5,arduino_uno
2025-11-24 12:03:50,23.3,34.7,arduino_uno
2025-11-24 12:03:52,23.3,34.7,arduino_uno
2025-11-24 12:03:54,23.3,34.5,arduino_uno
2025-11-24 12:03:56,23.3,34.4,arduino_uno
2025-11-24 12:03:58,23.3,34.4,arduino_uno
2025-11-24 12:04:00,23.3,34.3,arduino_uno
2025-11-24 12:04:02,23.3,34.3,arduino_uno
2025-11-24 12:04:04,23.3,34.3,arduino_uno
2025-11-24 12:04:06,23.3,34.2,arduino_uno
2025-11-24 12:04:08,23.3,34.3,arduino_uno
2025-11-24 12:04:10,23.3,34.2,arduino_uno
2025-11-24 12:04:12,23.3,34.3,arduino_uno
2025-11-24 12:04:14,23.3,34.2,arduino_uno
2025-11-24 12:04:16,23.3,34.3,arduino_uno
2025-11-24 12:04:18,23.3,34.2,arduino_uno
2025-11-24 12:04:20,23.3,34.2,arduino_uno
2025-11-24 12:04:22,23.3,34.3,arduino_uno
2025-11-24 12:04:24,23.3,34.4,arduino_uno
2025-11-24 12:04:26,23.3,34.4,arduino_uno
2025-11-24 12:04:28,23.3,34.6,arduino_uno
2025-11-24 12:04:30,23.3,34.6,arduino_uno
2025-11-24 12:04:32,23.3,34.7,arduino_uno
2025-11-24 12:04:34,23.3,34.9,arduino_uno
2025-11-24 12:04:36,23.3,34.8,arduino_uno
2025-11-24 12:04:38,23.3,34.6,arduino_uno
2025-11-24 12:04:40,23.3,34.5,arduino_uno
2025-11-24 12:04:42,23.3,34.4,arduino_uno
2025-11-24 12:04:44,23.3,34.4,arduino_uno
2025-11-24 12:04:46,23.3,34.3,arduino_uno
2025-11-24 12:04:48,23.3,34.4,arduino_uno
2025-11-24 12:04:50,23.3,34.5,arduino_uno
2025-11-24 12:04:52,23.3,34.5,arduino_uno
2025-11-24 12:04:54,23.3,34.6,arduino_uno
2025-11-24 12:04:56,23.3,34.5,arduino_uno
2025-11-24 12:04:58,23.3,34.4,arduino_uno
2025-11-24 12:05:00,23.3,34.3,arduino_uno
2025-11-24 12:05:02,23.3,34.3,arduino_uno
2025-11-24 12:05:04,23.3,34.4,arduino_uno
2025-11-24 12:05:06,23.3,34.4,arduino_uno
2025-11-24 12:05:08,23.3,34.4,arduino_uno
2025-11-24 12:05:10,23.3,34.4,arduino_uno
2025-11-24 12:05:12,23.3,34.4,arduino_uno
2025-11-24 12:05:14,23.3,34.3,arduino_uno
2025-11-24 12:05:16,23.4,34.2,arduino_uno
2025-11-24 12:05:18,23.3,34.2,arduino_uno
2025-11-24 12:05:20,23.3,34.2,arduino_uno
2025-11-24 12:05:22,23.3,34.2,arduino_uno
2025-11-24 12:05:24,23.3,34.2,arduino_uno
2025-11-24 12:05:26,23.3,34.2,arduino_uno
2025-11-24 12:05:28,23.3,34.2,arduino_uno
2025-11-24 12:05:30,23.3,34.1,arduino_uno
2025-11-24 12:05:32,23.3,34.3,arduino_uno
2025-11-24 12:05:34,23.3,34.5,arduino_uno
2025-11-24 12:05:36,23.3,34.5,arduino_uno
2025-11-24 12:05:38,23.3,34.5,arduino_uno
2025-11-24 12:05:40,23.3,34.5,arduino_uno
2025-11-24 12:05:42,23.3,34.4,arduino_uno
2025-11-24 12:05:44,23.3,34.5,arduino_uno
2025-11-24 12:05:46,23.3,34.4,arduino_uno
2025-11-24 12:05:48,23.3,34.3,arduino_uno
2025-11-24 12:05:50,23.3,34.3,arduino_uno
2025-11-24 12:05:52,23.3,34.3,arduino_uno
2025-11-24 12:05:54,23.3,34.3,arduino_uno
2025-11-24 12:05:56,23.3,34.2,arduino_uno
2025-11-24 12:05:58,23.3,34.2,arduino_uno
2025-11-24 12:06:00,23.3,34.2,arduino_uno
2025-11-24 12:06:02,23.3,34.5,arduino_uno
2025-11-24 12:06:04,23.3,34.7,arduino_uno
2025-11-24 12:06:06,23.3,35.0,arduino_uno
2025-11-24 12:06:08,23.3,35.0,arduino_uno
2025-11-24 12:06:10,23.3,34.8,arduino_uno
2025-11-24 12:06:12,23.3,34.8,arduino_uno
2025-11-24 12:06:14,23.3,34.8,arduino_uno
2025-11-24 12:06:16,23.3,34.6,arduino_uno
2025-11-24 12:06:18,23.3,34.5,arduino_uno
2025-11-24 12:06:20,23.3,34.5,arduino_uno
2025-11-24 12:06:22,23.3,34.5,arduino_uno
2025-11-24 12:06:24,23.3,34.5,arduino_uno
2025-11-24 12:06:26,23.3,34.4,arduino_uno
2025-11-24 12:06:28,23.3,34.3,arduino_uno
2025-11-24 12:06:30,23.3,34.3,arduino_uno
2025-11-24 12:06:32,23.3,34.5,arduino_uno
2025-11-24 12:06:34,23.3,34.7,arduino_uno
2025-11-24 12:06:36,23.3,34.5,arduino_uno
2025-11-24 12:06:38,23.3,34.4,arduino_uno
2025-11-24 12:06:40,23.3,34.4,arduino_uno
2025-11-24 12:06:42,23.3,34.7,arduino_uno
2025-11-24 12:06:44,23.3,34.9,arduino_uno
2025-11-24 12:06:46,23.3,34.9,arduino_uno
2025-11-24 12:06:48,23.3,34.9,arduino_uno
2025-11-24 12:06:50,23.3,34.8,arduino_uno
2025-11-24 12:06:52,23.3,34.9,arduino_uno
2025-11-24 12:06:54,23.3,35.0,arduino_uno
2025-11-24 12:06:56,23.3,35.2,arduino_uno
2025-11-24 12:06:58,23.3,35.1,arduino_uno
2025-11-24 12:07:00,23.3,34.9,arduino_uno
2025-11-24 12:07:02,23.3,34.7,arduino_uno
2025-11-24 12:07:04,23.3,34.7,arduino_uno
2025-11-24 12:07:06,23.3,34.8,arduino_uno
2025-11-24 12:07:08,23.3,34.7,arduino_uno
2025-11-24 12:07:10,23.3,34.6,arduino_uno
2025-11-24 12:07:12,23.3,34.5,arduino_uno
2025-11-24 12:07:14,23.3,34.5,arduino_uno
2025-11-24 12:07:16,23.3,34.6,arduino_uno
2025-11-24 12:07:18,23.3,36.4,arduino_uno
2025-11-24 12:07:20,23.3,37.3,arduino_uno
2025-11-24 12:07:22,23.3,36.1,arduino_uno
2025-11-24 12:07:24,23.3,35.5,arduino_uno
2025-11-24 12:07:26,23.3,35.4,arduino_uno
2025-11-24 12:07:28,23.3,35.1,arduino_uno
2025-11-24 12:07:30,23.3,34.9,arduino_uno
2025-11-24 12:07:32,23.3,34.7,arduino_uno
2025-11-24 12:07:34,23.3,34.7,arduino_uno
2025-11-24 12:07:36,23.3,34.6,arduino_uno
2025-11-24 12:07:38,23.3,34.6,arduino_uno
2025-11-24 12:07:40,23.3,34.5,arduino_uno
2025-11-24 12:07:42,23.4,34.4,arduino_uno
2025-11-24 12:07:44,23.4,34.4,arduino_uno
2025-11-24 12:07:46,23.3,34.4,arduino_uno
2025-11-24 12:07:48,23.3,34.4,arduino_uno
2025-11-24 12:07:50,23.3,34.4,arduino_uno
2025-11-24 12:07:53,23.3,34.4,arduino_uno
2025-11-24 12:07:55,23.3,34.6,arduino_uno
2025-11-24 12:07:57,23.3,34.7,arduino_uno
2025-11-24 12:07:59,23.3,34.6,arduino_uno
2025-11-24 12:08:01,23.3,34.6,arduino_uno
2025-11-24 12:08:03,23.3,34.5,arduino_uno
2025-11-24 12:08:05,23.3,34.4,arduino_uno
2025-11-24 12:08:07,23.3,34.4,arduino_uno
2025-11-24 12:08:09,23.3,34.3,arduino_uno
2025-11-24 12:08:11,23.3,34.3,arduino_uno
2025-11-24 12:08:13,23.3,34.4,arduino_uno
2025-11-24 12:08:15,23.3,34.3,arduino_uno
2025-11-24 12:08:17,23.3,34.3,arduino_uno
2025-11-24 12:08:19,23.3,34.4,arduino_uno
2025-11-24 12:08:21,23.3,35.0,arduino_uno
2025-11-24 12:08:23,23.3,34.8,arduino_uno
2025-11-24 12:08:25,23.3,34.6,arduino_uno
2025-11-24 12:08:27,23.3,34.6,arduino_uno
2025-11-24 12:08:29,23.3,34.6,arduino_uno
2025-11-24 12:08:31,23.3,34.6,arduino_uno
2025-11-24 12:08:33,23.3,34.6,arduino_uno
2025-11-24 12:08:35,23.3,34.6,arduino_uno
2025-11-24 12:08:37,23.3,34.6,arduino_uno
2025-11-24 12:08:39,23.3,34.6,arduino_uno
2025-11-24 12:08:41,23.3,34.5,arduino_uno
2025-11-24 12:08:43,23.3,34.5,arduino_uno
2025-11-24 12:08:45,23.3,34.5,arduino_uno
2025-11-24 12:08:47,23.3,34.6,arduino_uno
2025-11-24 12:08:49,23.3,34.7,arduino_uno
2025-11-24 12:08:51,23.3,34.9,arduino_uno
2025-11-24 12:08:53,23.3,34.7,arduino_uno
2025-11-24 12:08:55,23.3,34.6,arduino_uno
2025-11-24 12:08:57,23.3,34.5,arduino_uno
2025-11-24 12:08:59,23.3,34.5,arduino_uno
2025-11-24 12:09:01,23.3,35.4,arduino_uno
2025-11-24 12:09:03,23.3,36.2,arduino_uno
2025-11-24 12:09:05,23.3,36.0,arduino_uno
2025-11-24 12:09:07,23.3,36.9,arduino_uno
2025-11-24 12:09:09,23.3,36.8,arduino_uno
2025-11-24 12:09:11,23.3,36.4,arduino_uno
2025-11-24 12:09:13,23.3,36.9,arduino_uno
2025-11-24 12:09:15,23.3,39.2,arduino_uno
2025-11-24 12:09:17,23.3,37.7,arduino_uno
2025-11-24 12:09:19,23.3,37.2,arduino_uno
2025-11-24 12:09:21,23.3,36.7,arduino_uno
2025-11-24 12:09:23,23.4,36.3,arduino_uno
2025-11-24 12:09:25,23.4,35.6,arduino_uno
2025-11-24 12:09:27,23.4,35.3,arduino_uno
2025-11-24 12:09:29,23.4,35.0,arduino_uno
2025-11-24 12:09:31,23.4,34.9,arduino_uno
2025-11-24 12:09:33,23.4,34.9,arduino_uno
2025-11-24 12:09:35,23.4,34.9,arduino_uno
2025-11-24 12:09:37,23.4,34.8,arduino_uno
2025-11-24 12:09:39,23.4,34.8,arduino_uno
2025-11-24 12:09:41,23.5,34.7,arduino_uno
2025-11-24 12:09:43,23.5,34.6,arduino_uno
2025-11-24 12:09:45,23.5,34.6,arduino_uno
2025-11-24 12:09:47,23.5,34.7,arduino_uno
2025-11-24 12:09:49,23.5,35.2,arduino_uno
2025-11-24 12:09:51,23.5,35.1,arduino_uno
2025-11-24 12:09:53,23.5,35.3,arduino_uno
2025-11-24 12:09:55,23.6,35.2,arduino_uno
2025-11-24 12:09:57,23.6,35.2,arduino_uno
2025-11-24 12:09:59,23.6,35.2,arduino_uno
2025-11-24 12:10:01,23.6,35.2,arduino_uno
2025-11-24 12:10:03,23.6,35.2,arduino_uno
2025-11-24 12:10:05,23.6,35.2,arduino_uno
2025-11-24 12:10:07,23.6,35.0,arduino_uno
2025-11-24 12:10:09,23.6,34.8,arduino_uno
2025-11-24 12:10:11,23.6,34.7,arduino_uno
2025-11-24 12:10:13,23.7,34.5,arduino_uno
2025-11-24 12:10:15,23.7,34.4,arduino_uno
2025-11-24 12:10:17,23.7,34.4,arduino_uno
2025-11-24 12:10:19,23.7,34.3,arduino_uno
2025-11-24 12:10:21,23.7,34.2,arduino_uno
2025-11-24 12:10:23,23.7,34.2,arduino_uno
2025-11-24 12:10:25,23.7,34.1,arduino_uno
2025-11-24 12:10:27,23.7,34.1,arduino_uno
2025-11-24 12:10:29,23.7,34.1,arduino_uno
2025-11-24 12:10:31,23.7,34.7,arduino_uno
2025-11-24 12:10:33,23.7,35.4,arduino_uno
2025-11-24 12:10:35,23.8,36.0,arduino_uno
2025-11-24 12:10:37,23.8,35.7,arduino_uno
2025-11-24 12:10:39,23.8,35.2,arduino_uno
2025-11-24 12:10:41,23.8,34.8,arduino_uno
2025-11-24 12:10:43,23.8,34.6,arduino_uno
2025-11-24 12:10:45,23.8,34.5,arduino_uno
2025-11-24 12:10:47,23.8,34.4,arduino_uno
2025-11-24 12:10:49,23.8,34.6,arduino_uno
2025-11-24 12:10:51,23.8,34.5,arduino_uno
2025-11-24 12:10:53,23.8,34.4,arduino_uno
2025-11-24 12:10:55,23.8,34.3,arduino_uno
2025-11-24 12:10:57,23.8,34.3,arduino_uno
2025-11-24 12:10:59,23.8,34.3,arduino_uno
2025-11-24 12:11:01,23.8,34.3,arduino_uno
2025-11-24 12:11:03,23.9,34.2,arduino_uno
2025-11-24 12:11:05,23.9,34.2,arduino_uno
2025-11-24 12:11:07,23.9,34.2,arduino_uno
2025-11-24 12:11:09,23.9,34.3,arduino_uno
2025-11-24 12:11:11,23.9,34.5,arduino_uno
2025-11-24 12:11:13,23.9,34.6,arduino_uno
2025-11-24 12:11:15,23.9,34.4,arduino_uno
2025-11-24 12:11:17,23.9,34.4,arduino_uno
2025-11-24 12:11:19,24.0,34.4,arduino_uno
2025-11-24 12:11:21,24.0,34.4,arduino_uno
2025-11-24 12:11:23,24.0,34.6,arduino_uno
2025-11-24 12:11:25,24.0,34.4,arduino_uno
2025-11-24 12:11:27,24.0,34.5,arduino_uno
2025-11-24 12:11:29,24.0,34.8,arduino_uno
2025-11-24 12:11:31,24.0,35.0,arduino_uno
2025-11-24 12:11:33,24.0,34.9,arduino_uno
2025-11-24 12:11:35,24.0,34.7,arduino_uno
2025-11-24 12:11:37,24.0,34.4,arduino_uno
2025-11-24 12:11:39,24.0,34.4,arduino_uno
2025-11-24 12:11:41,24.0,34.3,arduino_uno
2025-11-24 12:11:43,24.0,34.2,arduino_uno
2025-11-24 12:11:45,24.0,34.0,arduino_uno
2025-11-24 12:11:47,24.0,33.9,arduino_uno
2025-11-24 12:11:49,24.0,33.9,arduino_uno
2025-11-24 12:11:51,24.1,34.3,arduino_uno
2025-11-24 12:11:53,24.0,34.6,arduino_uno
2025-11-24 12:11:55,24.1,34.5,arduino_uno
2025-11-24 12:11:57,24.1,34.7,arduino_uno
2025-11-24 12:11:59,24.1,34.8,arduino_uno
2025-11-24 12:12:01,24.1,34.7,arduino_uno
2025-11-24 12:12:03,24.1,34.8,arduino_uno
2025-11-24 12:12:05,24.1,34.5,arduino_uno
2025-11-24 12:12:07,24.1,34.3,arduino_uno
2025-11-24 12:12:09,24.1,34.1,arduino_uno
2025-11-24 12:12:11,24.1,34.0,arduino_uno
2025-11-24 12:12:13,24.1,33.8,arduino_uno
2025-11-24 12:12:15,24.1,33.8,arduino_uno
2025-11-24 12:12:17,24.1,33.9,arduino_uno
2025-11-24 12:12:19,24.1,34.0,arduino_uno
2025-11-24 12:12:21,24.1,34.4,arduino_uno
2025-11-24 12:12:23,24.1,34.4,arduino_uno
2025-11-24 12:12:25,24.1,34.1,arduino_uno
2025-11-24 12:12:27,24.1,34.1,arduino_uno
2025-11-24 12:12:29,24.1,34.0,arduino_uno
2025-11-24 12:12:31,24.1,34.3,arduino_uno
2025-11-24 12:12:33,24.1,34.5,arduino_uno
2025-11-24 12:12:35,24.0,34.4,arduino_uno
2025-11-24 12:12:37,24.1,34.6,arduino_uno
2025-11-24 12:12:39,24.0,34.3,arduino_uno
2025-11-24 12:12:41,24.0,34.3,arduino_uno
2025-11-24 12:12:43,24.0,34.4,arduino_uno
2025-11-24 12:12:45,24.0,34.1,arduino_uno
2025-11-24 12:12:47,24.0,33.9,arduino_uno
2025-11-24 12:12:49,24.0,33.8,arduino_uno
2025-11-24 12:12:51,24.0,33.8,arduino_uno
2025-11-24 12:12:53,24.0,33.8,arduino_uno
2025-11-24 12:12:55,24.0,33.8,arduino_uno
2025-11-24 12:12:57,24.0,33.8,arduino_uno
2025-11-24 12:12:59,24.0,33.7,arduino_uno
2025-11-24 12:13:01,24.0,33.7,arduino_uno
2025-11-24 12:13:04,24.0,33.7,arduino_uno
2025-11-24 12:13:06,24.0,33.6,arduino_uno
2025-11-24 12:13:08,24.0,33.6,arduino_uno
2025-11-24 12:13:10,24.0,33.6,arduino_uno
2025-11-24 12:13:12,24.0,33.5,arduino_uno
2025-11-24 12:13:14,24.0,33.6,arduino_uno
2025-11-24 12:13:16,24.0,33.6,arduino_uno
2025-11-24 12:13:18,23.9,33.6,arduino_uno
2025-11-24 12:13:20,24.0,33.7,arduino_uno
2025-11-24 12:13:22,24.0,33.7,arduino_uno
2025-11-24 12:13:24,24.0,33.7,arduino_uno
2025-11-24 12:13:26,23.9,33.7,arduino_uno
2025-11-24 12:13:28,23.9,33.8,arduino_uno
2025-11-24 12:13:30,23.9,33.8,arduino_uno
2025-11-24 12:13:32,23.9,33.8,arduino_uno
2025-11-24 12:13:34,23.9,33.8,arduino_uno
2025-11-24 12:13:36,23.9,33.7,arduino_uno
2025-11-24 12:13:38,23.9,33.8,arduino_uno
2025-11-24 12:13:40,23.9,34.1,arduino_uno
2025-11-24 12:13:42,23.9,34.3,arduino_uno
2025-11-24 12:13:44,23.9,34.4,arduino_uno
2025-11-24 12:13:46,23.9,34.5,arduino_uno
2025-11-24 12:13:48,23.9,34.3,arduino_uno
2025-11-24 12:13:50,23.9,34.2,arduino_uno
2025-11-24 12:13:52,23.9,34.1,arduino_uno
2025-11-24 12:13:54,23.9,34.0,arduino_uno
2025-11-24 12:13:56,23.9,34.0,arduino_uno
2025-11-24 12:13:58,23.9,33.9,arduino_uno
2025-11-24 12:14:00,23.9,33.9,arduino_uno
2025-11-24 12:14:02,23.9,33.9,arduino_uno
2025-11-24 12:14:04,23.9,33.8,arduino_uno
2025-11-24 12:14:06,23.9,34.1,arduino_uno
2025-11-24 12:14:08,23.9,34.4,arduino_uno
2025-11-24 12:14:10,23.9,34.3,arduino_uno
2025-11-24 12:14:12,23.9,34.1,arduino_uno
2025-11-24 12:14:14,23.9,34.0,arduino_uno
2025-11-24 12:14:16,23.9,33.9,arduino_uno
2025-11-24 12:14:18,23.9,33.9,arduino_uno
2025-11-24 12:14:20,23.9,33.8,arduino_uno
2025-11-24 12:14:22,23.9,33.7,arduino_uno
2025-11-24 12:14:24,23.9,33.7,arduino_uno
2025-11-24 12:14:26,23.9,33.6,arduino_uno
2025-11-24 12:14:28,23.9,33.6,arduino_uno
2025-11-24 12:14:30,23.9,33.6,arduino_uno
2025-11-24 12:14:32,23.8,33.6,arduino_uno
2025-11-24 12:14:34,23.8,33.6,arduino_uno
2025-11-24 12:14:36,23.8,33.6,arduino_uno
2025-11-24 12:14:38,23.8,33.6,arduino_uno
2025-11-24 12:14:40,23.8,33.6,arduino_uno
2025-11-24 12:14:42,23.8,33.6,arduino_uno
2025-11-24 12:14:44,23.8,33.6,arduino_uno
2025-11-24 12:14:46,23.8,33.7,arduino_uno
2025-11-24 12:14:48,23.8,33.8,arduino_uno
2025-11-24 12:14:50,23.8,33.7,arduino_uno
2025-11-24 12:14:52,23.8,33.7,arduino_uno
2025-11-24 12:14:54,23.8,33.7,arduino_uno
2025-11-24 12:14:56,23.8,33.7,arduino_uno
2025-11-24 12:14:58,23.7,33.7,arduino_uno
2025-11-24 12:15:00,23.7,33.8,arduino_uno
2025-11-24 12:15:02,23.7,33.8,arduino_uno
2025-11-24 12:15:04,23.7,33.8,arduino_uno
2025-11-24 12:15:06,23.7,34.2,arduino_uno
2025-11-24 12:15:08,23.7,35.4,arduino_uno
2025-11-24 12:15:10,23.7,34.9,arduino_uno
2025-11-24 12:15:12,23.7,36.1,arduino_uno
2025-11-24 12:15:14,23.7,36.0,arduino_uno
2025-11-24 12:15:16,23.7,36.0,arduino_uno
2025-11-24 12:15:18,23.7,35.9,arduino_uno
2025-11-24 12:15:20,23.7,35.3,arduino_uno
2025-11-24 12:15:22,23.7,34.9,arduino_uno
2025-11-24 12:15:24,23.7,35.0,arduino_uno
2025-11-24 12:15:26,23.7,35.0,arduino_uno
2025-11-24 12:15:28,23.7,35.0,arduino_uno
2025-11-24 12:15:30,23.7,36.0,arduino_uno
2025-11-24 12:15:32,23.7,36.7,arduino_uno
2025-11-24 12:15:34,23.7,35.9,arduino_uno
2025-11-24 12:15:36,23.7,35.3,arduino_uno
2025-11-24 12:15:38,23.7,35.5,arduino_uno
2025-11-24 12:15:40,23.7,35.2,arduino_uno
2025-11-24 12:15:42,23.7,35.6,arduino_uno
2025-11-24 12:15:44,23.7,36.9,arduino_uno
2025-11-24 12:15:46,23.8,36.7,arduino_uno
2025-11-24 12:15:48,23.8,36.8,arduino_uno
2025-11-24 12:15:50,23.8,37.5,arduino_uno
2025-11-24 12:15:52,23.8,37.2,arduino_uno
2025-11-24 12:15:54,23.8,37.3,arduino_uno
2025-11-24 12:15:56,23.8,36.7,arduino_uno
2025-11-24 12:15:58,23.8,36.6,arduino_uno
2025-11-24 12:16:00,23.8,36.6,arduino_uno
2025-11-24 12:16:02,23.8,37.1,arduino_uno
2025-11-24 12:16:04,23.8,37.6,arduino_uno
2025-11-24 12:16:06,23.8,37.3,arduino_uno
2025-11-24 12:16:08,23.9,36.9,arduino_uno
2025-11-24 12:16:10,23.9,36.8,arduino_uno
2025-11-24 12:16:12,23.9,36.2,arduino_uno
2025-11-24 12:16:14,23.9,35.9,arduino_uno
2025-11-24 12:16:16,23.9,36.9,arduino_uno
2025-11-24 12:16:18,23.9,37.0,arduino_uno
2025-11-24 12:16:20,23.9,36.2,arduino_uno
2025-11-24 12:16:22,23.9,35.7,arduino_uno
2025-11-24 12:16:24,23.9,35.6,arduino_uno
2025-11-24 12:16:26,24.0,35.6,arduino_uno
2025-11-24 12:16:28,23.9,35.4,arduino_uno
2025-11-24 12:16:30,23.9,35.7,arduino_uno
2025-11-24 12:16:32,23.9,35.2,arduino_uno
2025-11-24 12:16:34,23.9,34.8,arduino_uno
2025-11-24 12:16:36,23.9,34.7,arduino_uno
2025-11-24 12:16:38,23.9,34.5,arduino_uno
2025-11-24 12:16:40,23.9,34.9,arduino_uno
2025-11-24 12:16:42,23.9,34.6,arduino_uno
2025-11-24 12:16:44,23.9,34.5,arduino_uno
2025-11-24 12:16:46,23.9,34.4,arduino_uno
2025-11-24 12:16:48,23.9,34.4,arduino_uno
2025-11-24 12:16:50,23.9,34.5,arduino_uno
2025-11-24 12:16:52,23.9,34.5,arduino_uno
2025-11-24 12:16:54,23.9,34.3,arduino_uno
2025-11-24 12:16:56,23.9,34.1,arduino_uno
2025-11-24 12:16:58,23.9,34.2,arduino_uno
2025-11-24 12:17:00,23.9,34.3,arduino_uno
2025-11-24 12:17:02,23.9,34.4,arduino_uno
2025-11-24 12:17:04,23.8,34.4,arduino_uno
2025-11-24 12:17:06,23.9,34.5,arduino_uno
2025-11-24 12:17:08,23.9,34.7,arduino_uno
2025-11-24 12:17:10,23.9,35.7,arduino_uno
2025-11-24 12:17:12,23.8,35.0,arduino_uno
2025-11-24 12:17:14,23.8,35.1,arduino_uno
2025-11-24 12:17:16,23.8,34.9,arduino_uno
2025-11-24 12:17:18,23.9,34.5,arduino_uno
2025-11-24 12:17:20,23.8,34.3,arduino_uno
2025-11-24 12:17:22,23.8,34.3,arduino_uno
2025-11-24 12:17:24,23.8,34.4,arduino_uno
2025-11-24 12:17:26,23.8,34.3,arduino_uno
2025-11-24 12:17:28,23.9,34.4,arduino_uno
2025-11-24 12:17:30,23.9,34.3,arduino_uno
2025-11-24 12:17:32,23.8,34.2,arduino_uno
2025-11-24 12:17:34,23.8,34.1,arduino_uno
2025-11-24 12:17:36,23.8,34.1,arduino_uno
2025-11-24 12:17:38,23.8,34.1,arduino_uno
2025-11-24 12:17:40,23.8,34.1,arduino_uno
2025-11-24 12:17:42,23.8,34.1,arduino_uno
2025-11-24 12:17:44,23.8,34.1,arduino_uno
2025-11-24 12:17:46,23.8,34.1,arduino_uno
2025-11-24 12:17:48,23.8,34.2,arduino_uno
2025-11-24 12:17:50,23.8,34.2,arduino_uno
2025-11-24 12:17:52,23.8,34.1,arduino_uno
2025-11-24 12:17:54,23.8,34.2,arduino_uno
2025-11-24 12:17:56,23.8,34.2,arduino_uno
2025-11-24 12:17:58,23.8,34.2,arduino_uno
2025-11-24 12:18:00,23.8,34.2,arduino_uno
2025-11-24 12:18:02,23.8,34.3,arduino_uno
2025-11-24 12:18:04,23.8,34.3,arduino_uno
2025-11-24 12:18:06,23.8,34.2,arduino_uno
2025-11-24 12:18:08,23.7,34.2,arduino_uno
2025-11-24 12:18:10,23.7,34.2,arduino_uno
2025-11-24 12:18:12,23.7,34.1,arduino_uno
2025-11-24 12:18:15,23.7,34.3,arduino_uno
2025-11-24 12:18:17,23.7,34.2,arduino_uno
2025-11-24 12:18:19,23.7,34.1,arduino_uno
2025-11-24 12:18:21,23.7,34.1,arduino_uno
2025-11-24 12:18:23,23.7,34.4,arduino_uno
2025-11-24 12:18:25,23.7,34.3,arduino_uno
2025-11-24 12:18:27,23.7,34.1,arduino_uno
2025-11-24 12:18:29,23.7,34.1,arduino_uno
2025-11-24 12:18:31,23.7,34.0,arduino_uno
2025-11-24 12:18:33,23.7,34.3,arduino_uno
2025-11-24 12:18:35,23.7,34.6,arduino_uno
2025-11-24 12:18:37,23.7,34.7,arduino_uno
2025-11-24 12:18:39,23.7,34.4,arduino_uno
2025-11-24 12:18:41,23.6,34.3,arduino_uno
2025-11-24 12:18:43,23.6,34.5,arduino_uno
2025-11-24 12:18:45,23.6,35.0,arduino_uno
2025-11-24 12:18:47,23.6,35.4,arduino_uno
2025-11-24 12:18:49,23.6,35.7,arduino_uno
2025-11-24 12:18:51,23.6,35.5,arduino_uno
2025-11-24 12:18:53,23.6,35.2,arduino_uno
2025-11-24 12:18:55,23.6,35.3,arduino_uno
2025-11-24 12:18:57,23.6,35.8,arduino_uno
2025-11-24 12:18:59,23.6,35.6,arduino_uno
2025-11-24 12:19:01,23.6,35.1,arduino_uno
2025-11-24 12:19:03,23.6,34.8,arduino_uno
2025-11-24 12:19:05,23.6,34.6,arduino_uno
2025-11-24 12:19:07,23.6,34.6,arduino_uno
2025-11-24 12:19:09,23.6,34.6,arduino_uno
2025-11-24 12:19:11,23.6,34.5,arduino_uno
2025-11-24 12:19:13,23.6,34.7,arduino_uno
2025-11-24 12:19:15,23.6,34.6,arduino_uno
2025-11-24 12:19:17,23.6,34.5,arduino_uno
2025-11-24 12:19:19,23.6,34.6,arduino_uno
2025-11-24 12:19:21,23.6,34.6,arduino_uno
2025-11-24 12:19:23,23.6,34.6,arduino_uno
2025-11-24 12:19:25,23.6,34.9,arduino_uno
2025-11-24 12:19:27,23.6,34.8,arduino_uno
2025-11-24 12:19:29,23.6,34.5,arduino_uno
2025-11-24 12:19:31,23.6,34.7,arduino_uno
2025-11-24 12:19:33,23.6,34.4,arduino_uno
2025-11-24 12:19:35,23.6,34.3,arduino_uno
2025-11-24 12:19:37,23.6,34.2,arduino_uno
2025-11-24 12:19:39,23.6,35.3,arduino_uno
2025-11-24 12:19:41,23.6,35.7,arduino_uno
2025-11-24 12:19:43,23.6,37.9,arduino_uno
2025-11-24 12:19:48,23.7,52.5,arduino_uno
2025-11-24 12:19:50,23.7,43.5,arduino_uno
2025-11-24 12:19:52,23.7,39.8,arduino_uno
2025-11-24 12:19:54,23.7,37.9,arduino_uno
2025-11-24 12:19:56,23.8,36.9,arduino_uno
2025-11-24 12:19:58,23.8,36.2,arduino_uno
2025-11-24 12:20:00,23.8,35.7,arduino_uno
2025-11-24 12:20:02,23.9,35.5,arduino_uno
2025-11-24 12:20:04,23.9,36.0,arduino_uno
2025-11-24 12:20:06,23.9,36.1,arduino_uno
2025-11-24 12:20:08,23.9,36.0,arduino_uno
2025-11-24 12:20:10,23.9,35.7,arduino_uno
2025-11-24 12:20:12,23.9,35.3,arduino_uno
2025-11-24 12:20:14,23.9,35.0,arduino_uno
2025-11-24 12:20:16,24.0,34.9,arduino_uno
2025-11-24 12:20:18,24.0,34.8,arduino_uno
2025-11-24 12:20:20,24.0,34.7,arduino_uno
2025-11-24 12:20:22,24.0,34.6,arduino_uno
2025-11-24 12:20:24,24.0,34.7,arduino_uno
2025-11-24 12:20:26,24.0,34.6,arduino_uno
2025-11-24 12:20:28,24.0,34.7,arduino_uno
2025-11-24 12:20:30,24.0,34.7,arduino_uno
2025-11-24 12:20:32,24.0,34.6,arduino_uno
2025-11-24 12:20:34,24.0,34.5,arduino_uno
2025-11-24 12:20:36,24.0,34.4,arduino_uno
2025-11-24 12:20:38,24.0,34.2,arduino_uno
2025-11-24 12:20:40,24.0,34.1,arduino_uno
2025-11-24 12:20:42,24.0,34.1,arduino_uno
2025-11-24 12:20:44,24.0,34.1,arduino_uno
2025-11-24 12:20:46,24.0,34.1,arduino_uno
2025-11-24 12:20:48,24.0,34.0,arduino_uno
2025-11-24 12:20:50,24.0,34.0,arduino_uno
2025-11-24 12:20:52,24.0,34.0,arduino_uno
2025-11-24 12:20:54,24.0,34.0,arduino_uno
2025-11-24 12:20:56,24.0,34.2,arduino_uno
2025-11-24 12:20:58,23.9,34.2,arduino_uno
2025-11-24 12:21:00,23.9,34.1,arduino_uno
2025-11-24 12:21:02,23.9,34.2,arduino_uno
2025-11-24 12:21:04,23.9,34.1,arduino_uno
2025-11-24 12:21:06,23.9,34.2,arduino_uno
2025-11-24 12:21:08,23.9,35.4,arduino_uno
2025-11-24 12:21:10,23.9,35.5,arduino_uno
2025-11-24 12:21:12,23.9,35.4,arduino_uno
2025-11-24 12:21:14,23.9,35.1,arduino_uno
2025-11-24 12:21:16,23.9,34.7,arduino_uno
2025-11-24 12:21:18,23.9,34.5,arduino_uno
2025-11-24 12:21:20,23.9,34.4,arduino_uno
2025-11-24 12:21:22,23.9,34.2,arduino_uno
2025-11-24 12:21:24,23.9,34.1,arduino_uno
2025-11-24 12:21:26,23.9,34.1,arduino_uno
2025-11-24 12:21:28,23.9,34.0,arduino_uno
2025-11-24 12:21:30,23.9,34.0,arduino_uno
2025-11-24 12:21:32,23.9,34.0,arduino_uno
2025-11-24 12:21:34,23.9,34.0,arduino_uno
2025-11-24 12:21:36,23.9,34.0,arduino_uno
2025-11-24 12:21:38,23.9,34.0,arduino_uno
2025-11-24 12:21:40,23.9,34.0,arduino_uno
2025-11-24 12:21:42,23.9,34.2,arduino_uno
2025-11-24 12:21:44,23.9,34.3,arduino_uno
2025-11-24 12:21:46,23.9,34.3,arduino_uno
2025-11-24 12:21:48,23.8,34.0,arduino_uno
2025-11-24 12:21:50,23.8,34.0,arduino_uno
2025-11-24 12:21:52,23.9,33.9,arduino_uno
2025-11-24 12:21:54,23.8,33.9,arduino_uno
2025-11-24 12:21:56,23.9,33.9,arduino_uno
